title	humor data	label	punchline
မြင် ချင် လို့	ယောက်ျား ဖြစ် သူ သည် မိန်းမ အတွက် ဆွယ်တာ တစ် ထည် ဝယ် လာ သည် မိန်းမ ၏ နံပါတ် မှာ ၅ ၂ ဖြစ် သော်လည်း ၎င်း က နံပါတ် ၄၀ ကို ဝယ် လာ သဖြင့် မိန်းမ က မြည်တွန်တောက်တီး သည် ရှင် ဦးနှောက် မှ ကောင်း သေး ရဲ့ လား ဒီ ဆွယ်တာ ကို ကျွန်မ ဘာ လုပ် ရ မှာ လဲ စွပ် လို့ မှ မ ရ တဲ့ ဥစ္စာ အေး ကွာ မင်း ကို လွန် ခဲ့ တဲ့ ဆယ်နှစ် က လို ပိန်ပိန်သွယ်သွယ် လေး မြင် ချင် တဲ့ စိတ် ပေါ် လာ တာ နဲ့ ပဲ ဝယ် လာ မိ တယ်	affiliation	အေး ကွာ မင်း ကို လွန် ခဲ့ တဲ့ ဆယ် နှစ် က လို ပိန်ပိန်သွယ်သွယ် လေး မြင် ချင် တဲ့ စိတ် ပေါ် လာ တာ နဲ့ ပဲ ဝယ် လာ မိ တယ်
သိ ချင် တယ်	တရားခံ က ရုံးတော် ကို လျှောက်ထား သည် ဒီ က နေ အမှု မ စစ် ဘဲ ရက် ချိန်း ပေး ဖို့ မေတ္တာရပ်ခံ ပါ တယ် ကျွန် တော့ ရှေ့နေ ရောက် မ လာ ပါ ဘူး တရားသူကြီး က ပြန် ပြော သည် သူ များ အိတ်ထောင် ထဲ ကို ခင်ဗျား လက် နှိုက် နေ တဲ့ အချိန် မှာ ရဲသား က ခင်ဗျား ကို လက်ပူးလက်ကြပ် မိ တာ ပဲ ခင်ဗျား ရှေ့နေ က ဘာ များ ပြော နိုင် မှာ လဲ ကျွန်တော် လည်း အဲ တာ ကို ပဲ သိ ချင် နေ တာ ပါ	self-enhance	ကျွန်တော် လည်း အဲ တာ ကို ပဲ သိ ချင် နေ တာ ပါ
ဘယ် သူ ပိုက်ဆံ ဖြစ် မ လဲ	မိန်းမ က ယောက်ျား ကို သတင်း ပေး သည် ဒီ နေ့ ဈေးဝယ်ထွက် ရင်း ပိုက်ဆံ နည်းနည်း မ လောက် တာ နဲ ရှင့် ရုံး ကို ကျွန်မ လာ တယ် ရှင့် အခန်း ထဲ မှာ ရှင် မ ရှိ ဘူး ဒါ နဲ့ ချိတ် ထား တဲ့ တိုက် ပုံ ထဲ က ပိုက်ဆံ ၂၀၀ ယူ သွား တယ် ကိစ္စ မ ရှိ ပါ ဘူး မိန်းမ ရယ် ငါ တခြား ရုံး မှာ ပြောင်း လုပ် နေ တာ တစ် လ ရှိ ပြီ ကွယ့်	self-enhance	ကိစ္စ မ ရှိ ပါ ဘူး မိန်းမ ရယ် ငါ တခြား ရုံး မှာ ပြောင်း လုပ် နေ တာ တစ် လ ရှိ ပြီ ကွယ့်
သောက် စေ ချင် လို ဟုတ် ဖူး	ခင်ဗျား မိန်းမ ကို ခင်ဗျား ဆေးလိပ် သောက် ခွင့် ပေး တယ် နော် ဟုတ် တယ် တစ်ခါတလေ သူ ပါးစပ် ပိတ် ထား ရင် နား အေး တာ ပေါ့	affiliation	ဟုတ် တယ် တစ်ခါတလေ သူ ပါးစပ် ပိတ် ထား ရင် နား အေး တာ ပေါ့
စကားထာ ဝှက်တမ်း	မည် သူ က စကားထာ ပို ကောင်း အောင် ဝှက် နိုင် သနည်း ဆို သည် နှင့် ပတ်သက် ၍ ပါမောက္ခ နှင့် ၎င်း ၏ ယာဉ်မောင်း တို အပြန်အလှန် စိမ် ခေါ် ကြ သည် ပထမ ဦး စွာ လောင်းကြေး ကို သတ်မှတ် ကြ သည် ပါမောက္ခ က ပြော သည် ဆယ် ဒေါ်လာ ကြေး လောင်း ရ အောင်ဒရိုင်ဘာ ဆီ မှာ ဒီ လောက် ပိုက်ဆံ ဘယ် ရှိ ပါ့ မ လဲ ဆရာ က တစ် ဆယ် ထည့် ကျွန်တော် က တစ် ဒေါ်လာ ထည့် မယ် စိမ် လိုက်	affiliation	ဒရိုင်ဘာ ဆီ မှာ ဒီ လောက် ပိုက်ဆံ ဘယ် ရှိ ပါ့ မ လဲ ဆရာ က တစ် ဆယ် ထည့် ကျွန်တော် က တစ် ဒေါ်လာ ထည့် မယ်
ယာဉ်မောင်း က စ ဝှက် သည် ။	မြေ ပေါ် မှာ လမ်းလျှောက် တယ် မြေ အောက် မှာ တွားသွား တယ် သစ်ပင် တစ် ပင် က နေ နောက် တစ် ပင် ဆီ ခုန်ကူး တယ် လေ ထဲ မှာ လည်း ပျံ တတ် တယ် အဲဒီ သတ္တဝါ ဘာ လဲ ပါမောက္ခ ကြီး အမျိုးမျိုး စဉ်းစား သည် မည် သို့ မှ အဖြေ ပေါ် မ လာ ချေ သို့ နှင့် တပည့် ဖြစ် သူ ကို ဆယ် ဒေါ်လာ ပေး လိုက် ရ သည် ဆရာ ဝှတ် တဲ့ အလှည့် ဟု ဒရိုက်ဘာ က ပြော သည် မြေ ပေါ် မှာ လမ်းလျှောက် တယ် မြေ အောက် မှာ ဆို တွားသွား တယ် သစ်ပင် တစ် ပင် က နေ တစ် ပင် ကို ခုန်ကူး တယ် လေ ထဲ မှာ လည်း ပျံ တယ် အဲဒီ သတ္တဝါ ဘာ လဲ မ သိ ဘူး ဆရာ ဤ သို့ ပြော ကာ ဒရိုက်ဘာ က တစ် ဒေါ်လာ ပေး လိုက် လေ သည်	self-enhance	မြေ ပေါ် မှာ လမ်းလျှောက် တယ် မြေ အောက် မှာ ဆို တွားသွား တယ် သစ်ပင် တစ် ပင် က နေ တစ် ပင် ကို ခုန်ကူး တယ် လေ ထဲ မှာ လည်း ပျံ တယ် အဲဒီ သတ္တဝါ ဘာ လဲ
လူနာ တွေ များ လာ တယ်	ဆေးရုံအုပ်ကြီး ၏ မိန်ခွန်း မှ ကောက်နုတ် ချက် လူနာ ကြည့် ဧည့်သည် များ ဟာ ခြောက် ထပ် ပြတင်းပေါက် မှ တစ် ဆင့် လူနာ များ ထံ လာ ရောက် တွေ့ဆုံ ကြ တယ် ဒါ ကြောင့် ဧည့်သည် တွေ နည်း သထက် နည်း လာ ပြီး လူနာ တွေ များ သထက် များ လာ နေ ပါ တယ်	affiliation	လူနာ ကြည့် ဧည့်သည် များ ဟာ ခြောက် ထပ် ပြတင်းပေါက် မှ တစ်ဆင့် လူနာ များ ထံ လာ ရောက် တွေ့ဆုံ ကြ တယ် ဒါ ကြောင့် ဧည့်သည် တွေ နည်း သထက် နည်း လာ ပြီး လူနာ တွေ များ သထက် များ လာ နေ ပါ တယ်
အရှင် မ ထား ဘူး	မျက်နှာ တွင် ညိုမည်း သော ဒဏ်ရာ နှင့် လူ တစ် ဦး သည် အလွန် ကြီးမား သော သေတ္တာ ကို မနိုင့်တနိုင် ဆွဲ လာ သည် မျက်နှာ က ဒဏ်ရာ ကို ပြ ကာ မိတ် တွေ ကို ၎င်း က ပြော သည် ငါ့ မိန်းမ က ငါ့ ကို နှိပ် ထည့် လိုက် တာ လေ ဟုတ် လား မင်း က ဒါ ကို သည်းခံ နိုင် တာ အံ့ ရော ငါ့ မိန်းမ သာ ဆို ရင် တော့ အရှင် မ ထား ဘူး ငါ လည်း ဒီ လို ပါ ပဲ အခု သေတ္တာ ထဲ မှာ ဘာ ပါ တယ် မင်း ထင် သလဲ	self-enhance	ငါ လည်း ဒီ လို ပါ ပဲ အခု သေတ္တာ ထဲ မှာ ဘာ ပါ တယ် မင်း ထင် သလဲ
မေ့ သွား တယ်	တရားသူကြီး က မေး သည် ဒီ လူကြီးမင်း ကို ငပေါ ကြီး ' လို့ ပြော တယ် နော် ဟုတ် ပါ တယ် တဏှာဗူးကြီး လို့ လည်း ခင်ဗျား ပြော တယ် ဟုတ် သလား အဲဒါ တော့ ကျွန်တော် ပြော ဖို့ မေ့ သွား ပါ တယ်	affiliation	အဲဒါ တော့ ကျွန်တော် ပြော ဖို့ မေ့ သွား ပါ တယ်
အခြေအနေ မ ကောင်း ဘူး	နာမကျန်း ဖြစ် နေ သော ယောက်ျား နှင့် မိန်းမ ကို ဆရာဝန် က အိမ် တိုင် ရာ ရောက် လာ ကာ စမ်းသပ် စစ်ဆေး သည် စစ်ဆေး ပြီး သောအခါ ဆွေမျိုး များ က ဝိုင်း မေး ကြ သည် အခြေအနေ စိုးရိမ် ရ သလား ခင်ဗျာ အင်း နှစ် ယောက် စလုံး မကြာခင် မုဆိုးဖို နဲ့ မုဆိုး မ ဖြစ် ကြ ဖို့ ရှိ တယ်	affiliation	အင်း နှစ် ယောက် စလုံး မ ကြာ ခင် မုဆိုးဖို နဲ့ မုဆိုး မ ဖြစ် ကြ ဖို့ ရှိ တယ်
ဘာ မှ မ တွေ့ ဘူး	အိမ်နီးချင်း က မေး သည် ရှင့် ယောက်ျား ရဲ့ ကျန်းမာရေး အခြေအနေ က ဘယ်လို လဲ မေး ဖော် ရ တဲ့ အတွက် ကျေးဇူး ပဲ ခေါင်း ကို ဓာတ်မှန်ရိုက် ကြည့် တယ် ကံကောင်း တယ် ဘာ မှ မ တွေ့ ဘူး တဲ့	self-enhance	မေး ဖော် ရ တဲ့ အတွက် ကျေးဇူး ပဲ ခေါင်း ကို ဓာတ်မှန်ရိုက် ကြည့် တယ် ကံကောင်း တယ် ဘာ မှ မ တွေ့ ဘူး တဲ့
ကမ္ဘာ ကြီး အကြောင်း	အဖွား ကမ္ဘာကြီး ဟာ ဘာဖြစ်လို့ လည် နေ ရ တာ လဲ ဟင် ခွေးကောင်လေး နင့် အဖေ ရဲ့ အရက် တွေ ခိုး သောက် ပြန် ပြီ ထင် တယ်	self-enhance	ခွေး ကောင် လေး နင့် အဖေ ရဲ့ အရက် တွေ ခိုး သောက် ပြန် ပြီ ထင် တယ်
မီး အာမခံ	ကျွန်တော့ အိမ် ကို မီး အာမခံ ထား ချင် တယ် ရ မ လား ရပါတယ် ခင်ဗျာ အခု ချက်ချင်း ကို အာမခံ ထား ချင် တာ ဗျ ရပါတယ် ဗျ မြန်မြန် လေး လုပ် ပေး စမ်း ပါ အိမ် က လောင် နေ ပြီ ဗျ	self-enhance	မြန်မြန် လေး လုပ် ပေး စမ်း ပါ အိမ် က လောင် နေ ပြီ ဗျ
အတွေ့အကြုံ နည်း သေး လို့ ပါ	တော မြို့ တစ် မြို့ ၏ မင်္ဂလာ ဆောင် ဧည့်ခံပွဲ အခန်း အနား တွင် စားသောက် နေ ကြ သော ဧည့်သည် များ ကို သတိုးသမီး က လိုက်လံ နှုတ်ဆက် သည် အားရပါးရ စား ကြ ပါ ရှင် စား ကြ ပါ ရှင် ဧည့်ခံ ပြုစု ရာ မှာ လို တာ တွေ့ ရင် ခွင့်လွှတ် ပါ နော် ကျွန်မ က ပထမဆုံး အကြိမ် အိမ်ထောင်ပြု တာ မ ဟုတ် လား နောက် တစ် ခါ ဆို ရင် တော့ ဘာ မှ မ လစ်ဟင်း ရ အောင် ကြိုးစား ပါ့ မယ်	affiliation	အား ရ ပါး ရ စား ကြ ပါ ရှင် စား ကြ ပါ ရှင် ဧည့်ခံ ပြုစု ရာ မှာ လို တာ တွေ့ ရင် ခွင့်လွှတ် ပါ နော် ကျွန်မ က ပထမဆုံး အကြိမ် အိမ်ထောင်ပြု တာ မ ဟုတ် လား နောက် တစ် ခါ ဆို ရင် တော့ ဘာ မှ မ လစ်ဟင်း ရ အောင် ကြိုးစား ပါ့ မယ်
ဖြေ ရ မှာ ကြောက် တယ်	ဂျိုး ဆက် ၏ အဆို အရ ၎င်း ကို ကု သော ဆရာဝန် သည် ရောဂါ ၏ ဇစ်မြစ် ကို ဖော်ထုတ် ရာ တွင် အလျင်စလို နိုင် လွန်း သည် ပထမ အကြိမ် ဆရာဝန် ထံ ရောက် စဉ် က ဂျိုး ဆက် ၏ လည်ချောင်းနာ နေ ခဲ့ သည် လည်ချောင်းနာ ကြောင်း ပြော သည် နှင့် ဆရာဝန် က ၎င်း ၏ လျှာ ခင် ကို ဖြတ် ထုတ် လိုက် သည် ဒုတိယ အကြိမ် တွင် မူ ဗိုက်နာ ကြောင်း ဂျိုး ဆက် က ပြော ရာ ဆရာဝန် က ၎င်း ၏ အူအတက် ကို ဖြတ် လိုက် ပြန် သည် တတိယ အကြိမ် ဆရာဝန် ထံ ၎င်း လာ ပြ သည် ဘာ ဖြစ် သနည်း ဟု ဆရာဝန် က မေး သည် ဤ တစ် ခါ တွင် ဂျိုး ဆက် ဘာ မှ မှ မ ဖြေ တော့ ချေ ၎င်း ခေါင်းကိုက် နေ သော ကြောင့် ဖြစ် လေ သည်	self-enhance	ဤ တစ် ခါ တွင် ဂျိုး ဆက် ဘာ မှ မှ မ ဖြေ တော့ ချေ ၎င်း ခေါင်းကိုက် နေ သော ကြောင့် ဖြစ် လေ သည်
ဝယ် ချင် ပါ သော်လည်း	အလွန် ဝ သော လူ တစ် ဦး ရုပ်ရှင်ရုံ ထဲ ဝင် လာ ပြီး မိမိ ၏ ထိုင်ခုံ တွင် ထိုင် ချ လိုက် သည် ဘေး ခုံ မှ လူ က မကျေမနပ် ပြော သည် ခင်ဗျား လို လူမျိုး က လက်မှတ် နှစ် စောင် ဝယ် သင့် တယ် ဗျ ဝယ် ချင် ပါ တယ် ဗျာ ဒါပေမယ့် ခုံ လွတ် က နှစ် ခုံ ပဲ ရှိ တယ် တစ် ခုံ က အခု အောက် ထပ် မှာ နောက် တစ် ခုံ က အပေါ် ထပ် မှာ ဖြစ် နေ လို့ ပါ	self-deprecate	ခင်ဗျား လို လူမျိုး က လက်မှတ် နှစ် စောင် ဝယ် သင့် တယ် ဗျ ဝယ် ချင် ပါ တယ် ဗျာ ဒါပေမယ့် ခုံ လွတ် က နှစ် ခုံ ပဲ ရှိ တယ် တစ် ခုံ က အခု အောက် ထပ် မှာ နောက် တစ် ခုံ က အပေါ် ထပ် မှာ ဖြစ် နေ လို့ ပါ
အဖော် ပါ မှ ရ မယ်	စကော့တလန် တော မြို့ တစ် မြို့ မှ ရုပ်ရှင်ရုံ ပိုင်ရှင် သည် ရုပ်ရှင် ကား များ ကို ဝယ် ရန် အတွက် လန်ဒန် မြို့ သို့ တက် လာ သည် လန်ဒန် ရုပ်ရှင်ရုံ ရှေ့ တွင် ဆိုင်းဘုတ် တစ် ခု ချိတ် ထား သည် ကို ၎င်း တွေ့ ရ သည် အသက် ၈၀ ကျော် သူ များ အခမဲ့ ကြည့် ခွင့် ရှိ သည် ဟူ၍ ဖြစ် သည် အင်မတန် ကောင်း တဲ့ အကြံ ပဲ ဟု စိတ် ထဲ က ချီးကျူး ကာ မိမိ မြို့ သို့ ပြန် ရောက် သောအခါ ဆိုင်းဘုတ် တစ် ခု ကို ရုပ်ရှင်ရုံ ဝင် ပေါက် တံခါး တွင် ချိတ် ထား လိုက် သည် အသက် ၈၀ ကျော် များ အခမဲ့ ကြည့် ခွင့် ရှိ သည် သို့သော် မိဘ များ ပါ ရ မည် ဟူ၍ ဖြစ် လေ သည်	self-enhance	အသက် ၈၀ ကျော် များ အခမဲ့ ကြည့် ခွင့် ရှိ သည် သို့သော် မိဘ များ ပါ ရ မည်
သက်သက်ညှာညှာ စဉ်းစား ပါ	တရားခံ က တရားရုံး သို့ နောက်ဆုံး လျှောက် လဲ ချက် ပေး သည် " မှန် ပါ တယ် ဘတ်စ်ကား ပေါ် မှာ ဒီ ပုဂ္ဂိုလ် ရဲ့ အိတ် ထောင် ထဲ က ဒေါ်လာ သုံး ထောင် ထည့် ထား တဲ့ ပိုက်ဆံအိတ် ကို ကျွန်တော် နှုတ် လိုက် ပါ တယ် ဒါပေမယ့် တစ် ချိန် တည်း မှာ သူ မ သိ အောင် ကျွန် တော့ ရဲ့ ဘတ်စ်ကား လက်မှတ် ကို သူ့ အိတ် ထောင် ထဲ ထည့် ပေး ခဲ့ ပါ တယ် ဒီ အချက် ကို ထောက်ထား ပြီး အပြစ်ဒဏ် ကို လျှော့လျှော့ပေါ့ပေါ့ သတ်မှတ် ပေး ဖို့ တောင်းပန် ပါ တယ်	self-enhance	တစ် ချိန် တည်း မှာ သူ မ သိ အောင် ကျွန် တော့ ရဲ့ ဘတ်စ်ကား လက်မှတ် ကို သူ့ အိတ် ထောင် ထဲ ထည့် ပေး ခဲ့ ပါ တယ်
မေ့ မှာ စိုး တယ်	စာရေးဆရာ နှစ် ယောက် ဆုံ ကြ သည် တစ် ယောက် ၏ မျက်နှာ မှာ ညှိုးငယ် သော အသွင် ကို ဆောင် နေ သဖြင့် ကျန် တစ် ယောက် က မေး သည် ဒီ နေ့ ခင်ဗျား ကို ကြည့် ရ တာ တစ် စုံ တစ် ခု နဲ့ ပတ်သက် ပြီး သော က ရောက် နေ တဲ့ ပုံ ပါ လား ဟုတ် တယ် ဗျာ ခင်ဗျား ပဲ စဉ်းစား ကြည့် မ နေ့ က လူ တစ် ယောက် ကို တွေ့ တယ် ရှိတ်စပီးယား ဆို တဲ့ နာမည် ကို တစ် ခါ မှ မ ကြား ဖူး ဘူး တဲ့ အံ့ ရော အဲဒါ များ အရေး လုပ် လို့ ဗျာ မ ဟုတ် ဘူး လေ ရှိတ်စပီးယား ကို ထား တော့ တကယ် လို့ နောက် နှစ် တစ် ရာ ကြာ တဲ့ အခါ မှာ ကျွန် တော့ နာမည် ကို ပါ မေ့ သွား ကြ ရင် မ ခက် ပေ ဘူး လား	self-deprecate	အဲဒါ များ အရေး လုပ် လို့ ဗျာ မ ဟုတ် ဘူး လေ ရှိတ်စပီးယား ကို ထား တော့ ၊ တကယ် လို့ နောက် နှစ် တစ် ရာ ကြာ တဲ့ အခါ မှာ ကျွန် တော့ နာမည် ကို ပါ မေ့ သွား ကြ ရင် မ ခက် ပေ ဘူး လား
ပြေး တာ ချင်း မ တူ	သမင် ကို အမဲလိုက်ခွေး က လိုက် သည် ပြေး နေ ရင်း သမင် က လည် ပြန် လှည့် ပြီး ခွေး ကို အော် ပြော သည် မင်း ငါ့ ကို ဘယ်လို လိုက် လိုက် မီ မှာ မ ဟုတ် ဘူး ဘာ ဖြစ် လို့ မ မီ ရ မှာ လဲ ငါ က သေ ဘေး ကြောင့် ပြေး တယ် မင်း က မင်း ရဲ့ သခင် မုဆိုး အကြိုက် ပြေး နေ တာ ဖြစ် လို့ ပေါ့ ဟ	aggression	ငါ က သေ ဘေး ကြောင့် ပြေး တယ် မင်း က မင်း ရဲ့ သခင် မုဆိုး အကြိုက် ပြေး နေ တာ ဖြစ် လို့ ပေါ့ ဟ
မ စော်ကား နဲ့	လူနာ ကျုပ် မေး တာ ကို ဖြေ စမ်း ပါ စိတ်ရောဂါကု ဆရာဝန် ရဲ့ သွား ကို ခင်ဗျား ဘာ ဖြစ် လို့ ရိုက် ချိုး ပစ် ရ တာ လဲ စာရင်းဇယား များ အရ မိသားစု တိုင်း မှာ စိတ် မ နှံ့ သူ တစ် ဦး တော့ ရှိ မြဲ ပဲ လို့ ကျွန် တော့ ကို သူ ပြော လို့ ပါ အဲဒါ နဲ သူ့ ကို ပိတ် ထိုး တာ နဲ့ ဘာ ဆိုင် လို့ လဲကျွန် တော့ မိသားစု မှာ ကျွန်တော် တစ် ယောက် တည်း ရှိ တယ် လေ	self-deprecate	ကျွန် တော့ မိသားစု မှာ ကျွန်တော် တစ် ယောက် တည်း ရှိ တယ် လေ
သွား လှုပ် စရာ ဝန်	ဦးလေး ဒေါက်တာ ခင်ဗျာ ဖေဖေ က သူ့ သွား ကို လှုပ် အောင် လုပ် ပေး တဲ့ အတွက် ပိုက်ဆံ ပေး ခိုင်း လိုက် ပါ တယ် နှုတ် တာ က တော့ သူ့ ဟာ သူ နှုတ် ပါ မယ် တဲ့ ခင်ဗျာ	self-deprecate	နှုတ် တာ က တော့ သူ့ ဟာ သူ နှုတ် ပါ မယ် တဲ့ ခင်ဗျာ
အလိုက်ကန်းဆိုး မ သိ တဲ့ တပည့်	သူဌေးမင်း က သူ ၏ ယာဉ်မောင်း ကို ပြော သည် ရွှေရောင် ဆံပင် နဲ့ ကောင်မလေး ဟာ ဘယ်လို လုပ် ပြီး ငါ့ ကား ရဲ့ နောက်ခုံ မှာ ရောက် နေ တာ လဲ ကွ ကျွန်တော် အစအဆုံး ရှင်းပြ ပါ မယ် ခင်ဗျာ ရှင်း တာ နောက် မှ ရှင်း လောလောဆယ် ငါ နဲ့ မိတ်ဆက် ပေး ဦး လေ ကွာ	affiliation	ရှင်း တာ နောက် မှ ရှင်း လောလောဆယ် ငါ နဲ့ မိတ်ဆက် ပေး ဦး လေ ကွာ
ဆေး ရဲ့ တန်ခိုး	အမေ ဖြစ် သူ သည် ဆယ် နှစ် အရွယ် သား ငယ် ကို စိတ်ရောဂါကု ဆရာဝန် ထံ လာ ပြ သည် အမေ က မျက်ရည် စမ်း စမ်း နှင့် ပြော သည် ဒေါက်တာ ရယ် လုပ် ပါ ဦး ကျွန်မ သား ဟာ တစ် ချိန် လုံး ခြောက်လုံးပြူး မျက်နှာဖုံး စက် သေနတ် နဲ့ လူ သတ် တာ တွေ အကြောင်း ပဲ စဉ်းစား နေ တယ် ရက်စက်ကြမ်းကြုတ် တဲ့ စိတ်ထား လေး ကဲ သွား ရင် ဒုက္ခ ပဲ အဲဒါ တတ် နိုင် သမျှ ကူညီ ပါ ဦး ရှင် ဆရာဝန် သည် က လေး ကို စမ်းသပ် စစ်ဆေး သည် ထို့နောက် သောက် ရ မည့် ဆေးညွှန်း စာရွက် ကို ရေး ပေး လိုက် သည် နောက် တစ် လ တိတိ ကြာ ရင် ကျွန် တော့ ဆီ လာ ခဲ့ ကြ ပါ ဦး က လေး ရဲ့ တိုးတက် မှု အခြေအနေ ကို ကျွန်တော် ကြည့် မယ် အဲ ခင်ဗျား နဲ့ ပတ်သက် လို့ က တော့ စိုးရိမ် စိတ် သိပ် မ ထား စေ ချင် ဘူး အခု ပုံ အရ ခင်ဗျား ဟာ အတော် စိတ်လှုပ်ရှား နေ တယ် ဒါ ကြောင့် ခင်ဗျား အတွက် ပါ စိတ် ငြိမ် ဆေး ရေး ပေး လိုက် ပါ မယ် အိပ်ရာ မ ဝင် မီ တစ် လုံး သောက် ပါ တစ် လ ကြာ သောအခါ အမေ နှင့် သား ဆရာဝန် ဆီ ရောက် လာ ကြ သည် ဆရာဝန် က အမေ ကို မေး သည် " ခင်ဗျား သား အခြေအနေ ဘယ် နဲ့ လဲ ဗျ မ သိ ဘူး သူ ဘာ ဖြစ် ဖြစ် ကျွန်မ ဂရုမစိုက် နိုင် ပါ ဘူး ရှင်	self-enhance	မ သိ ဘူး သူ ဘာ ဖြစ် ဖြစ် ကျွန်မ ဂရုမစိုက် နိုင် ပါ ဘူး ရှင်
ကံ မ ကောင်း ဘူး	ခင်ဗျား သတင်းကြား ပြီး ပ လား ကျုပ် တို ရဲ့ နာမည်ကြီး စာရေး ဆရာကြီး လမ်း သွား ရင်း မတော်တဆ လဲ ကျ ပြီး ခြေထောက် ကျိုး သွား တယ် ဆို ပဲ သူ့ ချာ ကံ မ ကောင်း ရှာ ဘူး ဟုတ် တာ ပေါ့ ဒါ နဲ့ အခု သူ ဘယ်လို စာ ရေး မ လဲ မ သိ ဘူး နော်	self-enhance	ဟုတ် တာ ပေါ့ ဒါ နဲ့ အခု သူ ဘယ်လို စာ ရေး မ လဲ မ သိ ဘူး နော်
ကျောက်ကပ် ရဲ့ အလေးချိန်	နှစ် ပေါင်း များစွာ ကွဲကွာ နေ ကြ သော သူငယ်ချင်း နှစ် ယောက် ပြန် တွေ့ ကြ သည် မင်း ကို ကြည့် ရ တာ ပိန် သွား သလို ပါ ပဲ လား ဂျွန် နေ မ ကောင်း များ ဖြစ် နေ သလား အေး ကွာ ငါ ခွဲစိတ် ကုသမှု ကို ခံ ယူ လိုက် ပြီး တဲ့ နောက် ကို အလေးချိန် ငါး ကီလို လောက် လျော့ သွား တယ် ဘာ ရောဂါ ကြောင့် မင်း ကို ခွဲစိတ် တာ လဲ ကျောက်ကပ် မကောင်း လို့ တစ် လုံး ကို ခွဲ ထုတ် လိုက် ရ တယ် အင်း ကျောက်ကပ် တစ် လုံး ဟာ ငါး ကီလို တောင် လေး လိမ့် မယ် လို့ ငါ တစ် ခါ မှ မ ထင် မိ ခဲ့ ဘူး	self-enhance	အင်း ကျောက်ကပ် တစ် လုံး ဟာ ငါး ကီလို တောင် လေး လိမ့် မယ် လို့ ငါ တစ် ခါ မှ မ ထင် မိ ခဲ့ ဘူး
မ သွား တော့ ဘူး	တစ် ဘက် ရွာ မှ မိတ်ဆွေ များ ထံ အလည် သွား ရန် လင်မယား နှစ် ယောက် ပြင်ဆင် နေ ကြ သည် နွားလှည်း ပေါ် ထိုင် နေ သော မိန်းမ က ယောက်ျား ကို သတိပေး သည် ရှင် သူ များ အိမ် ရောက် ရင် အိန္ဒြေ နဲ့ နေ နော် စကား ပြော ရင် ယဉ်ယဉ်ကျေးကျေး ပြော ဆဲ တာ တွေ လုံးဝ မ ပါ စေ နဲ အရက် လည်း မ သောက် နဲ့ သူ များ မိန်းမ ကို လည်း ငန်း မ နေ နဲ့ တော် ပြီ ကွာ မ သွား တော့ ဘူး ဘာ ဖြစ် လို့ လဲ မင်း ပြော တဲ့ အတိုင်း ငါ အိမ် မှာ လည်း လုပ် လို့ ရ တာ ပဲ ဥစ္စာ	self-enhance	မင်း ပြော တဲ့ အတိုင်း ငါ အိမ် မှာ လည်း လုပ် လို့ ရ တာ ပဲ ဥစ္စာ
အရင် က အကျင့် ပါ နေ လို့ ပါ	တပ်သားသစ် များ နှင့် မိတ်ဆက် ရန် ရောက် လာ သော ဗိုလ်ကြီး က တပ်ကြပ်ကြီး ကို မေး သည် တပ်ကြပ်ကြီး တပ် သား တွေ ကို တန်းစီ ခိုင်း ထား တာ ထူးဆန်း လှ ချည် လား အရပ် ရှည် တဲ့ လူ တွေ က ရှေ့ မှာ အရပ် ပု သူ တွေ က နောက် မှာ ဘာ ဖြစ် လို့ ရောက် နေ တာ လဲ ခွင့်လွှတ် ပါ ဗိုလ်ကြီး အရပ်သား ဘဝ တုန်း က ကျွန်တော် သစ်သီးဆိုင် ဖွင့် ခဲ့ လို့ ပါ	self-deprecate	ခွင့်လွှတ် ပါ ဗိုလ်ကြီး အရပ်သား ဘဝ တုန်း က ကျွန်တော် သစ်သီး ဆိုင် ဖွင့် ခဲ့ လို့ ပါ
မှန် သား ပဲ	ကျမ်းဂန် တတ် ပုဂ္ဂိုလ် ဟု နာမည် ကြီး သော တော ရ ကျောင်း ဦးဇင်း ထံ ဒကာမ တစ် ယောက် ရောက် လာ ကာ မိမိ ၏ ပြဿနာ ကို တင်ပြ သည် တပည့်တော် မ ကို ယောက်ျား က မ ပေါင်း နိုင် တော့ ဘူး လို ပြော ပါ တယ် ဘာ ဖြစ် လို့ လဲ ဒီ လောက် ရုပ်ဆိုး ပြီး ဒီ လောက် စိတ် ပုပ် တဲ့ မိန်းမ နဲ့ ဆက် နေ ရင် သူ အသက် တို လိမ့် မယ် လို့ ဆို ပါ တယ် ဦးဇင်း သည် စာအုပ် အထူ ကြီး တစ် အုပ် ကို လှမ်း ယူ လိုက် သည် ထို့နောက် တစ် ရွက် ချင်း အချိန် ယူ ပြီး ကြည့် သည် အတန်ကြာ မှ ခေါင်းမော့ ပြီး ဒကာ မ ကို စိုက်ကြည့် သည် နောက်ဆုံး စကား တစ် ခွန်း ကို ပြော ချ လိုက် သည် နင့် ယောက်ျား ပြော တာ မှန် တယ်	self-enhance	နင့် ယောက်ျား ပြော တာ မှန် တယ်
ဆုံး ပါ ပြီ	မျက်စိ ကိုက် သည် ဟု ဆို ကာ လူ တစ် ဦး မျက်စိ ကု ဆရာဝန် ထံ လာ ပြ သည် ဆရာဝန် က ၎င်း ကို စမ်းသပ် စစ်ဆေး ပြီး နောက် ပြော သည် ခင်ဗျား အရက် သောက် တာ ကို ဖြတ် ရင် ဖြတ် ဒါမှမဟုတ် မျက်လုံး ကို စွန် ရင် စွန် တစ် ခု ခု ကို ရွေး ရ လိမ့် မယ် လူနာ က မျှော်လင့်ချက် ကင်း သံ ဖြင့် သက်ပြင်းချ ကာ ပြော သည် အင်း မျက်လုံး နှစ် လုံး စလုံး ဆုံး ပါ ပြီ	self-deprecate	အင်း မျက်လုံး နှစ် လုံး စလုံး ဆုံး ပါ ပြီ
ဆရာဝန် ပြော တာ နားထောင်	ကုန် တင် ကား အတိုက်ခံ ရ သော လူနာ ကို ဆေးရုံ သို့ ယူ လာ သည် ဆရာဝန် က ၎င်း ကို စမ်းသပ် စစ်ဆေး ပြီး နောက် သေပြီ ဟု ကြေညာ သည် သေပြီ ဟူသော စကား ကို ကြား လိုက် ရ သဖြင့် လူနာ သည် ခေါင်း ထောင် ထ ပြီး အော် ပြော သည် ကျုပ် မ သေ ဘူး ဤ တွင် အနား ၌ ရှိ သော ဇနီးသည် က ယောက်ျား ကို ဖျောင်းဖျ သည် ရှင် ဘာ လို့ ထ လာ တာ လဲ ငြိမ်ငြိမ်ကလေး နေ စမ်း ပါ ဆရာဝန် က ပို သိ တော့ မ ပေါ့	self-enhance	ရှင် ဘာ လို့ ထ လာ တာ လဲ ငြိမ်ငြိမ် က လေး နေ စမ်း ပါ ဆရာဝန် က ပို သိ တော့ မ ပေါ့
ရှေ့ ရေး ကို ကြို တွေး သူ	အရာရာ ကို တွက်ကိန်း ချ ကာ စနစ်တကျ လုပ်ဆောင် တတ် သော စကော့တလန် သား တစ် ဦး သည် အသက် အာမခံ ထား လိုက် သည် မကြာမီ မာ ပင် မြစ် ထဲ တွင် ရေနစ် သေဆုံး သွား သည် အိမ်နီးချင်း မိန်းမ က ပူပူနွေးနွေး မုဆိုး မ ကို ပြော သည် ဘာ ပဲ ပြော ပြော ရှင့် ယောက်ျား ကို ကျွန်မ ချီးကျူး တယ် စာ လည်း မ ရေး တတ် မ ဖတ် တတ် ဘဲ နဲ့ အခု လို အမြော်အမြင် ကြီး တဲ့ ယောက်ျား ရှား ကို ရှား တယ် စာ မ တတ် တာ တင် ဘယ် ဟုတ် မ လဲ ကံကောင်း ချင် တော့ သူ ရေ လည်း မ ကူး တတ် ဘူး	self-enhance	စာ မ တတ် တာ တင် ဘယ် ဟုတ် မ လဲ ကံကောင်း ချင် တော့ သူ ရေ လည်း မ ကူး တတ် ဘူး
ပြီး မှ လုပ် ချင် တာ လုပ်	နက်တိုင် လည် စီး မ တပ် ထား သော လူရွယ် တစ် ဦး စားသောက်ဆိုင် ထဲ ဝင် လာ သည် အပေါက် စောင့် က တား သည် ကျွန်တော် တို့ ဆိုင် ထဲ ကို လည် စီး မ ပါ ဘဲ ဝင် ခွင့် မ ပြု ပါ ဘူး ခင်ဗျာ ဟော ဟို မှာ လူ တစ် ယောက် ရှပ်အင်္ကျီ တောင် မ ပါ ဘဲ က ခုန် နေ တာ ကို ကျွန်တော် တွေ့ နေ ရ တာ ပဲ မှန် ပါ တယ် ဒါပေမယ့် သူ အခု မှ ရောက် လာ တာ မ ဟုတ် ပါ ဘူး ပြီး တော့ ကျသင့်ငွေ အားလုံး ကို သူ ပေး ချေ ပြီး ဖြစ် ပါ တယ်	self-enhance	မှန် ပါ တယ် ဒါပေမယ့် သူ အခု မှ ရောက် လာ တာ မ ဟုတ် ပါ ဘူး ပြီး တော့ ကျ သင့် ငွေ အားလုံး ကို သူ ပေး ချေ ပြီး ဖြစ် ပါ တယ်
ဘေး မှာ ထိုင် ပေါ့	အလုပ် မှ ပြန် လာ သော စကော့တလန် သား လေး ယောက် အရက် တစ် ခွက် စီ သောက် ရန် တိုင်ပင် ကြ သည် အားလုံး က သဘောတူ သဖြင့် အရက်ဘား ထဲ ဝင် ရန် ပြင် သည် အပေါက် ရှေ့ ရောက် သောအခါ တစ် ယောက် က မ သောက် တော့ ဟု ဆို ကာ ပြန် ရန် ခြေ ဦး လ ည့် သည် ကျန် မိတ်ဆွေ များ က ၎င်း ကို ဝိုင်း ပြော ကြ သည် " ဟေး ဂျွန် ဘာ ဖြစ် တာ လဲ ငါ့ မှာ ပိုက်ဆံ တစ် ပြား မှ မ ပါ ဘူး ကွာ ဒါ များ ဆန်း လုပ် လို့ လာ စမ်း ပါ ဘယ် သူ မှ မင်း ကို အရက် အတင်း မ သောက် ခိုင်း ပါ ဘူး ကွ	affiliation	ဒါ များ ဆန်း လုပ် လို့ လာ စမ်း ပါ ဘယ် သူ မှ မင်း ကို အရက် အတင်း မ သောက် ခိုင်း ပါ ဘူး ကွ
ညှာ လို့ ပါ	မေရီ မင်း ရဲ့ အိမ်ခန်း ဟာ ညစ်ပတ် လှ ချည် လား ကျွန်မ ယောက်ျား က ကျွန်မ ကို ညှာ ပြီး ဘာ မှ မ လုပ် ခိုင်း ဘူး ဒါဖြင့်ရင် သူ ကိုယ်တိုင် ဘာ လို့ မ လုပ် သလဲ ကျွန်မ က သူ့ ကို ပြန် ညှာ တယ် လေ	self-deprecate	ကျွန်မ က သူ့ ကို ပြန် ညှာ တယ် လေ
တွေ့ ပြီ	ညဉ့် သန်းခေါင်ယံ အချိန် မှာ ဘာ ဖြစ် လို့ အောင် ပြီ အောင် ပြီ လို့ အသံ ဆိုး ကြီး နဲ့ အော် နေ ရ တာ လဲ ဘာ လဲ ခင်ဗျား ရူးသွပ် သွား ပြီ လား ဟု အရက်မူး နေ သော အိမ်နီးချင်း ကို တစ် ဘက် အိမ် မှ လူ ကြီး က စိတ်ဆိုး စွာ ပြော သည် မ ရူး ပါ ဘူး ကိုယ့် အိမ် ကိုယ် ရှာ တွေ့ လို ဗျို့	affiliation	မ ရူး ပါ ဘူး ကိုယ့် အိမ် ကိုယ် ရှာ တွေ့ လို ဗျို့
လူ ပို မ လို ဘူး	ရဲစခန်း တွင် တယ်လီဖုန်း သံ မြည် လာ သည် ဟဲလို ရဲစခန်း က လား ကျွန်မ မစ္စစ် ဂျုံး စကား ပြော နေ ပါ တယ် အခု ကျွန်မ ရဲ့ အိမ် ခန်း ထဲ မှာ လူစိမ်း ယောက်ျား နှစ် ယောက် ရောက် နေ ပါ တယ် အဲဒါ တစ် ယောက် ကို မောင်းထုတ် ပေး ဖို့ အတွက် ရဲ သား ကို လွှတ် ပေး ပါ	self-enhance	အဲဒါ တစ် ယောက် ကို မောင်းထုတ် ပေး ဖို့ အတွက် ရဲ သား ကို လွှတ် ပေး ပါ
လိုင်စင် ရ ပြီ	ယာဉ်မောင်း လိုင်စင် လာ လျှောက် သော အမျိုးသမီး ငယ် ကို ယာဉ်ထိန်းရဲ က မေး သည် လမ်း အလယ် တည့်တည့် က ဆေး ဖြူ သုတ် ထား တဲ့ မျဉ်းကြောင်း ဟာ ဘာ လဲ ခဏ စဉ်းစား ပါ ရ စေ နော် အဲ သိ ပြီ စက်ဘီး စီး တဲ့ သူ တွေ အတွက်	self-enhance	ခဏ စဉ်းစား ပါ ရ စေ နော် အဲ သိ ပြီ စက်ဘီး စီး တဲ့ သူ တွေ အတွက်
မ ရှိ လို့ သာ ပေါ့	နှစ် ဖက် ရှေ့ နေ များ အပြန်အလှန် လျှောက်ထား ကြ ပြီး နောက် ဂျူရီလူကြီး က မိမိ တို့ ၏ ဆုံးဖြတ် ချက် ကို ဖတ် ကြား ပြ သည် အစွပ်စွဲ ခံ ပုဂ္ဂိုလ် သည် ဤ ပြစ်မှု ကို မ ကျူးလွန် နိုင် ချေ အကြောင်း မူ အခင်း ဖြစ်ပွား ချိန် တွင် မြို့ ပေါ် တွင် သူ မ ရှိ ၍ ဖြစ် သည် အကယ်၍ ၎င်း အချိန် တွင် သူ မြို့ ပေါ် တွင် ရှိ နေ ခဲ့ ပါ က ဆို ခဲ့ သည့် ပြစ်မှု ကို သူ အမှန်တကယ် ကျူးလွန် မိ မည် ဖြစ် လေ သည်	self-deprecate	အစွပ်စွဲ ခံ ပုဂ္ဂိုလ် သည် ဤ ပြစ်မှု ကို မ ကျူးလွန် နိုင် ချေ အကြောင်း မူ အခင်း ဖြစ်ပွား ချိန် တွင် မြို့ ပေါ် တွင် သူ မ ရှိ ၍ ဖြစ် သည် အကယ်၍ ၎င်း အချိန် တွင် သူ မြို့ ပေါ် တွင် ရှိ နေ ခဲ့ ပါ က ဆို ခဲ့ သည့် ပြစ်မှု ကို သူ အမှန်တကယ် ကျူးလွန် မိ မည် ဖြစ် လေ သည်
ခြားနား ချက်	ဒေါက်တာ ခင်ဗျာ ဒေါက်တာ ရဲ့ အဆို အရ ကျွန်တော် ခံစား နေ ရ တဲ့ ရောဂါ မျိုး ဒေါက်တာ လည်း ခံစား နေ ရ တယ် ဒါပေမယ့် ဒေါက်တာ အစား လည်း မ ရှောင် ဘူး အရက် လည်း ပုံမှန် သောက် နေ တုန်း ပဲ ကျွန်တော့် ကျ တော့ ဘာ ဖြစ် လဲ လို့ အဲဒါ တွေ မ လုပ် ရ ဘူး လို့ ပိတ်ပင် တာ လဲ ခင်ဗျာ ခင်ဗျား နဲ့ ကျွန်တော် နဲ့ ကြား မှာ ကြီးမား တဲ့ ခြားနား ချက် ရှိ နေ တယ် လေ ဘာ ပါ လိမ့် ခင်ဗျာ ခင်ဗျား က ကု ချင် တယ် ကျွန်တော် က ကု ချင် တဲ့ အတွေး တစ် ခါ မှ မ ပေါ် ဖူး ဘူး	self-enhance	ခင်ဗျား က ကု ချင် တယ် ကျွန်တော် က ကု ချင် တဲ့ အတွေး တစ် ခါ မှ မ ပေါ် ဖူး ဘူး
လို ချင် သလို ပြော	ပုံ ဆွဲ ဆရာ က လာ ရောက် စစ်ဆေး သော ပညာ အုပ် ကို ပြော သည် " တွေ့ တယ် မ ဟုတ် လား နာ တာ ရှာ လေး ဟာ ပုံ ဆွဲ တော်တော် ကောင်း တယ် ဟုတ် တယ် သူ လက် ရာ မ ဆိုး ဘူး ကိုင်း သမီး လေး ပန်းကန် ထဲ က လက်ဖက်ရည် ပုံ ကို ဆွဲ ပြ စမ်း ပါ ဦး ကွဲ့ သကြား နဲ့ လား သကြား မ ပါ ဘဲ နဲ့ လား ဘဘကြီး	self-enhance	သကြား နဲ့ လား သကြား မ ပါ ဘဲ နဲ့ လား ဘဘကြီး
မ စိုးရိမ် ပါ နဲ့	ပထမတန်း ကျောင်းသား ပီတာ သည် မိခင် ရှိ ရာ အလုပ် ဌာန သို့ ဖုန်းဆက် သည် မေမေ ဒီ နေ့ ကျောင်း အဆင်း မှာ အတန်း ထဲ က မေရီ ကို ကျွန်တော် လိုက် ပို့ တယ် အမေ ဖြစ် သူ က စိုးရိမ်တကြီး ပြန် မေး သည် ဟဲ့ သား အဝေး ကြီး လား လမ်း တွေ ဖြတ်ကူး ရ သေး လား ဟင့်အင်း ကျွန်တော် က သူ့ ကို ကျွန်တော် တို့ အိမ် အထိ ပဲ လိုက် ပို့ တယ် ပြီး တော့ သူ့ ဟာ သူ ဆက် သွား တယ်	self-deprecate	ဟင့်အင်း ကျွန်တော် က သူ့ ကို ကျွန်တော် တို့ အိမ် အထိ ပဲ လိုက် ပို့ တယ် ပြီး တော့ သူ့ ဟာ သူ ဆက် သွား တယ်
အိမ်ရှင် အိမ် ငှား	မိတ်ဆွေ နှစ် ယောက် စကား ပြော နေ ကြ သည် ဒါ နဲ့ လွန် ခဲ့ တဲ့ နှစ် က ခင်ဗျား အိမ် မှာ ငှား နေ ခဲ့ တဲ့ ရှေ့ နေ ဟာ ဘာ အလုပ် လုပ် သလဲ ဗျ ရှေ့ နေ အလုပ် ပဲ လုပ် တယ် ကျွန် တော့ ရဲ့ နောက်ဆုံး အမှု တွေ ကို သူ ပဲ လိုက် ပေး တယ် လေ အခု သူ့ အိမ် မှာ ကျွန်တော် ငှား နေ ရ တယ်	self-deprecate	ရှေ့ နေ အလုပ် ပဲ လုပ် တယ် ကျွန် တော့ ရဲ့ နောက်ဆုံး အမှု တွေ ကို သူ ပဲ လိုက် ပေး တယ် လေ အခု သူ့ အိမ် မှာ ကျွန်တော် ငှား နေ ရ တယ်
မ ပစ် နဲ့ နော်	တပ်သား မောင်မြ က တပ်ကြပ်ကြီး ကို စိတ်လှုပ်ရှား စွာ သတင်း ပို့ သည် " ဟို တော ထဲ မှာ ရန် သူ တချို့ ကို ကျွန်တော် မြင် လိုက် တယ် ခင်ဗျ ဟုတ် လား မင်း သွား ပြီး ဖမ်း ခဲ့ စမ်း ဟုတ်ကဲ့ ဒါပေမယ့် နောက် အချိန် အနည်းငယ် အတွင်း မှာ တော ထဲ က လူ တစ် စု ပြေး ထွက် လာ တာ ကို တွေ့ ရင် ရှေ့ဆုံး က လူ ကို မ ပစ် နဲ့ နော်	self-deprecate	ဟုတ်လား မင်း သွား ပြီး ဖမ်း ခဲ့ စမ်း ဟုတ်ကဲ့ ဒါပေမယ့် နောက် အချိန် အနည်းငယ် အတွင်း မှာ တော ထဲ က လူ တစ် စု ပြေး ထွက် လာ တာ ကို တွေ့ ရင် ရှေ့ဆုံး က လူ ကို မ ပစ် နဲ့ နော် 
ပိုင်ဆိုင် လို မှု	ဘာ အတွက် များ ခင်ဗျား တို့ အခု ချိန် ထိ ခြောက် နှစ် ကြာ တရားပြိုင် နေ ကြ ရ တာ လဲ တကယ် အမျိုး ကောင်း ခွေး တစ် ကောင် ကို သူ ပိုင် သင့် တယ် ငါ ပိုင် သင့် တယ် နဲ့ အငြင်းပွား နေ ကြ တာ ပဲ ရှေ့ နေ စားရိတ် ရုံး စားရိတ် တွေ နှစ် ဘက် စလုံး ဒေါ်လာ တစ် သောင်း ကျော် စီ ကုန် နေ ကြ ပြီ ခွေး ကို ဘယ် သူ ရ မယ် ထင် သလဲ ဘယ် သူ မှ မ ရ ဘူး ဒီ ကောင် သေ သွား တာ လေး နှစ် ရှိ ပြီ	self-enhance	ဘယ် သူ မှ မ ရ ဘူး ဒီ ကောင် သေ သွား တာ လေး နှစ် ရှိ ပြီ
ဆောင်ကြဉ်း ပေး ပါ ဦး	ဘဏ် သူဌေးကြီး ၏ အစေခံ က တစ် ဘက် တိုက် မှ သူဌေးကြီး ကို လာ ပြော သည် မစ္စတာ စမစ် က လူ ကြီး မင်း ကို နှုတ်ခွန်းဆက်သ လိုက် ပါ ကြောင်း နဲ့ လူကြီးမင်း တို့ ည တိုင်း မ အိပ် နိုင် အောင် အမြဲတမ်း ဟောင် နေ လေ့ ရှိ တဲ့ သူ့ ခွေး ကို လည်း ပစ်သတ် လိုက် ပြီ ဖြစ် ကြောင်း သတင်း ပို့ ခိုင်း ပါ တယ် ခင်ဗျာ မစ္စတာ စမစ် ကို ကျေးဇူးတင် ကြောင်း ပြော လိုက် ပါ အေး တစ်ဆက်တည်း မှာ ပဲ သူ့ မိန်းမ ကို အဆိပ် ခပ် သတ် ပေး ပါ ဦး ဒါမှမဟုတ် အနည်းဆုံး သူ့ မိန်းမ ရဲ့ စန္ဒရား ကို မီးရှို့ ပေး ပါ ဦး လို့ ငါ က တောင်းပန် ကြောင်း ပြော လိုက် စမ်း ပါ	self-enhance	မစ္စ တာ စ မ စ် ကို ကျေးဇူးတင် ကြောင်း ပြော လိုက် ပါ အေး တစ် ဆက် တည်း မှာ ပဲ သူ့ မိန်းမ ကို အဆိပ် ခပ် သတ် ပေး ပါ ဦး ဒါ မှ မ ဟုတ် အနည်းဆုံး သူ့ မိန်းမ ရဲ့ စန္ဒရား ကို မီးရှို့ ပေး ပါ ဦး လို့ ငါ က တောင်းပန် ကြောင်း ပြော လိုက် စမ်း ပါ
အကောင်းဆုံး အကြံ	စီးပွားရေး အကြံ အကောင်းဆုံး ပေး နိုင် သူ ကို ဆု ငွေ ပေါင် ၅၀ ချီးမြှင့် မည် ဟု ကုမ္ပဏီ တစ် ခု က ကြေညာ သည် ဆု ငွေ ကို ပေါင် ၂၀ သာ လျှော့ ပေါ့ သတ်မှတ် ရန် အကြံပြု သူ စကော့တလန် သား တစ် ယောက် အနိုင် ရ သွား သည်	self-enhance	ဆု ငွေ ကို ပေါင် ၂၀ သာ လျှော့ ပေါ့ သတ်မှတ် ရန် အကြံပြု သူ စကော့တလန် သား တစ် ယောက် အနိုင် ရ သွား သည်
ပြေး မှ လွတ် မယ်	ဘာဖြစ်လို့ ခရီး သည် တွေ အားလုံး ကား ပေါ် က ဆင်း ကြ ရ တာ လဲ ဘတ်စ်ကား နောက်ဆုံး မှတ်တိုင် ကို ရောက် လို့ လား ဟု စိုးရိမ် သံ နှင့် အဖွားကြီး က မေး ရာ ကား ထဲ မှ နောက်ဆုံး ထွက် သော လူငယ် က လှမ်း ပြော သည် မ ဟုတ် ဘူး အဖွား လက်မှတ် စစ် တက် လာ လို့	self-enhance	မ ဟုတ် ဘူး အဖွား လက်မှတ် စစ် တက် လာ လို့
မ သောက် ချင် ဘူး	ဆေး ကို ဘာ ဖြစ် လို မေမေ တိုက် တာ မ သောက် ဘဲ ဘွားဘွား တိုက် မှ သောက် ချင် ရ တာ လဲ ဘွားဘွား လက် က မ ငြိမ် လို့	affiliation	ဘွားဘွား လက် က မ ငြိမ် လို့
အမိန် နာ ခံ ပြီး သား	တပ်ဖွဲ့ ကို လာ ရောက် စစ်ဆေး သော ဗိုလ်ချုပ် က တပ်မှူး ကို မေး သည် ခင်ဗျား ရဲ့ တပ် မှာ ဘာ ဖြစ် လို့ မိန်းမ ရှိ တဲ့ တပ် သား တွေ ကို ဦး စား ပေး ရွေး ထား တာ လဲ မိန်းမ ရှိ တဲ့ တပ် သား တွေ က မ ကြိုက် ဦး တော့ အမိန့် ကို မ လွန် ဆန် ရဲ ကြ လို့ ပါ ခင်ဗျ	affiliation	မိန်းမ ရှိ တဲ့ တပ် သား တွေ က မ ကြိုက် ဦး တော့ အမိန့် ကို မ လွန် ဆန် ရဲ ကြ လို့ ပါ ခင်ဗျ
နောက် ကျ သွား ပြီ	ဖေဖေ့ မွေးနေ့ မှာ သား လက်ဆောင် တစ် ခု ပေး ချင် တယ် ဖေဖေ့ ကို ဘာ လက်ဆောင် မှ ပေး မ နေ နဲ့ အရေးကြီး တာ က အတန်း ထဲ မှာ ဆရာ မ ပြော တာ ကို သား ဂရုတစိုက် နားထောင် ဖို့ ပဲ နောက် ကျ သွား ပြီ ကျွန်တော် နက် တိုင် လည် စီး ဝယ် ပြီး ပြီ	self-enhance	နောက် ကျ သွား ပြီ ကျွန်တော် နက် တိုင် လည် စီး ဝယ် ပြီး ပြီ
မျှော်လင့် တာ ထက် စော သွား နိုင် တယ်	ဆင်းရဲ သော ပန်းချီ ဆရာ နောက် နှစ် အနည်းငယ် အကြာ မှာ ခင်ဗျား အိမ် ကို ကြည့် ပြီး ဒီ အိမ် မှာ ပန်းချီ ဆရာ ကြီး ဂျွန် စ မ စ် နေ သွား တယ် အကောင်းဆုံး လက် ရာ တွေ ကို ဖန်တီး သွား တယ် လို့ နောင်လာနောက်သား တွေ ပြော ကြ မှာ သေချာ တယ် အိမ် ပိုင်ရှင် အိမ် ငှားခ အကြွေး တွေ ကို ဒီ နေ့ ခင်ဗျား မ ပေး ရင် မနက်ဖြန် မှာ ကို အဲဒီ အတိုင်း လူ တွေ ပြော ကြ ဖို့ ရှိ တယ်	self-enhance	အိမ် ပိုင်ရှင် အိမ် ငှားခ အကြွေး တွေ ကို ဒီ နေ့ ခင်ဗျား မ ပေး ရင် မနက်ဖြန် မှာ ကို အဲဒီ အတိုင်း လူ တွေ ပြော ကြ ဖို့ ရှိ တယ်
ရှက် စရာ မ လို	မိတ်ဆွေ က ပြဇာတ် မင်းသား ဟုတ် လား ကျွန်တော် က တော့ ဘဏ် သူဌေး ပါ ပြော ရ မှာ တောင် ရှက် တယ် ဗျာ ပြ ဇာတ်ရုံ မ ရောက် တာ ဆယ် နှစ် လောက် ရှိ ပြီ ရှက်စရာ မ လို ပါ ဘူး ဗျာ ကျွန်တော် လည်း ဘဏ် မ ရောက် တာ ဆယ် နှစ် ကျော် နေ ပြီ	affiliation	ရှက် စရာ မ လို ပါ ဘူး ဗျာ ကျွန်တော် လည်း ဘဏ် မ ရောက် တာ ဆယ် နှစ် ကျော် နေ ပြီ
ဈေး ကြီး တယ်	စိတ်ရောဂါကု ဆရာဝန် က မိမိ ၏ မိတ်ဆွေ ကို ပြော သည် ကျွန်တော့် ရဲ့ လူနာ တစ် ယောက် က သူ့ ဆီ က နိုင်ယာဂရာ ရေတံခွန် ကြီး ကို ဝယ် ဖို့ ချည်း တစ်ချိန်လုံး ပြော နေ တယ် ဘာ ခက် လို့ လဲ ဝယ် လိုက် ပေါ့ ဗျ ဒါပေမယ့် သူ တောင်း တဲ့ ဈေး က များ လွန်း နေ တယ်	self-enhance	ဒါပေမယ့် သူ တောင်း တဲ့ ဈေး က များ လွန်း နေ တယ်
တယော သူ ခိုး	အိမ်နီးချင်း ၏ တယော ကို ခိုး မှု ဖြင့် လူကြီး တစ် ယောက် ကို ရုံး တင် စစ်ဆေး သည် တရား သူ ကြီး က ပြော သည် အဓိပ္ပာယ် မ ရှိ တဲ့ ခိုး မှု ပဲ ခင်ဗျား ဟာ တယော ကို မ ရောင်း ဘူး ကိုယ်တိုင် လည်း မ ထိုး ဘူး ဘာ လုပ် ဖို့ လဲ အိမ်နီးချင်း လည်း မ ထိုး တတ် ပါ ဘူး ခင်ဗျာ	self-enhance	အိမ်နီးချင်း လည်း မ ထိုး တတ် ပါ ဘူး ခင်ဗျာ
မ ဖြစ် နိုင် ဘူး	ကျွန်တော် တို ရုံး မှာ ပန်းချီကား ကြီး တစ် ခု ကို နံရံ မှာ ချိတ်ဆွဲ ထား တယ် ပန်းချီ ဆရာ က ပင့်ကူအိမ် ကို လက်စွမ်းပြ ဆွဲ ထား တာ သဘာဝ ကျ လွန်း လို့ ရုံး က သန့်ရှင်း ရေး အလုပ် သ မ ကြီး က တံမြက်စည်း နဲ့ လှဲ ပစ် ဖို့ နေ့ တိုင်း ကြိုးစား နေ တယ် မ ဖြစ် နိုင် တာ ပဲ ဘာ လဲ ဒီ လို ပန်းချီ ဆရာ မျိုး မ ရှိ ဘူး လို့ ခင်ဗျား ပြော ချင် သလား ဒီ လို ပန်းချီ ဆရာ မျိုး ရှိ နိုင် ပါ တယ် ဒါပေမယ့် ခင်ဗျား ပြော တဲ့ သန့်ရှင်း ရေး အလုပ်သမ မျိုး မ ရှိ နိုင် ပါ ဘူး ဗျာ	self-enhance	ဒီ လို ပန်းချီ ဆရာ မျိုး ရှိ နိုင် ပါ တယ် ဒါပေမယ့် ခင်ဗျား ပြော တဲ့ သန့်ရှင်း ရေး အလုပ် သ မ မျိုး မ ရှိ နိုင် ပါ ဘူး ဗျာ
အကျင့် ပါ နေ လို့	ထောင် ထဲ တွင် ထောင်ကျ နှစ် ယောက် စကား ပြော နေ ကြ သည် မကြာခင် က ခင်ဗျား ထောင် က ထွက်ပြေး ခဲ့ တယ် ဘယ်လို လုပ် ပြီး ထွက်ပြေး သလဲ ဗျ မိတ်ဆွေ တွေ က ကျွန်တော့ ကို အမျိုးသမီး ဝတ်စုံ ယူ လာ ပေး တယ် အဲဒါ ကို ဝတ် ပြီး ထောင် ထဲ က နေ လွတ် လွတ် ကျွတ်ကျွတ် လမ်းလျှောက် ထွက် သွား လိုက် တာ ပဲ တယ် ဟုတ် ပါ လား အခု ကျ တော့ ဘာဖြစ်လို့ ထောင် ထဲ ပြန် ရောက် နေ တာ လဲ အပေါ့ သွား ချင် လို့ အိမ်သာ ထဲ ဝင် တယ် ထုံးစံ အတိုင်း ယောက်ျား အိမ်သာ ထဲ ဝင် ရာ မှာ စောင့်ထိန်း ရ မယ့် စည်း ကို ဖောက်ဖျက် မှု နဲ့ ပြန် ပြီး အဖမ်းခံ လိုက် ရ တယ်	self-enhance	အ ပေါ့ သွား ချင် လို့ အိမ် သာ ထဲ ဝင် တယ် ထုံးစံ အတိုင်း ယောက်ျား အိမ် သာ ထဲ ဝင် ရာ မှာ စောင့်ထိန်း ရ မယ့် စည်း ကို ဖောက်ဖျက် မှု နဲ့ ပြန် ပြီး အဖမ်းခံ လိုက် ရ တယ်
အိပ် မ ပျော် သော ရောဂါ	ကြား လိုက် ရ သော စကား ကျွန်တော် အိပ် မ ပျော် တဲ့ ရောဂါ ဟာ တစ် နေ့ တခြား အခြေအနေ ပို ဆိုး လာ တယ် အခု ဆို ရင် ထ ရ မယ့် အချိန် ရောက် တာ တောင် ကျွန်တော် အိပ် လို့ မ ရ သေး ဘူး	self-deprecate	အခု ဆို ရင် ထ ရ မယ့် အချိန် ရောက် တာ တောင် ကျွန်တော် အိပ် လို့ မ ရ သေး ဘူး
စာတမ်း	ဟော်တယ် အခန်း ရှေ့ တွင် ချိတ် ထား သော စာတမ်း ဘာ မှ မ လို ချင် ဘူး ဘယ် ကို မှ လည်း အလျင် မ လို ဘူး ဘယ်သူ့ ကို မှ လည်း အကြွေး ပေး စရာ မ ရှိ ဘူး ကျေးဇူးပြု၍ မ နှိုး ပါ နှင့်	self-enhance	ဘာ မှ မ လို ချင် ဘူး ဘယ် ကို မှ လည်း အလျင် မ လို ဘူး ဘယ် သူ့ ကို မှ လည်း အကြွေး ပေး စရာ မ ရှိ ဘူး ကျေးဇူးပြု၍ မ နှိုး ပါ နှင့်
ခင်ဗျား ပဲ သွား	မုဆိုး သည် မိမိ ၏ အမဲလိုက်ခွေး နှင့် အတူ တော ထဲ လျှောက် လာ သည် ရုတ်တရက် ချုံပုတ် ကြား မှ လှုပ်ရှား သံ ကြား လိုက် ရ သည် မုဆိုး က ခွေး ကို ပြော သည် " သွား ကြည့် စမ်း ကိုယ့် ဟာ ကိုယ် သွား ကျွန်တော် ဒီ က နေ ဟောင် ပေး မယ်	self-enhance	ကိုယ့် ဟာ ကိုယ် သွား ကျွန်တော် ဒီ က နေ ဟောင် ပေး မယ်