[
    {   "image": "cartoon/cartoon-1.png",
        "caption": {
            "en": "The only thing more formal than the dress code is the silence.",
            "ja": "服装のフォーマルさ以上に、静けさが厳格だ。",
            "zh": "比着装要求更正式的，是那令人窒息的沉默。",
            "my": "အဝတ်အစားစည်းမျဉ်းထက် ပိုတင်းကျပ်တာက တိတ်ဆိတ်မှုပါပဲ။"
        },
        "description": {
            "en": "A group of formally dressed people stand in a grand room, engaged in quiet, awkward conversation. Their stiff postures and wide eyes suggest discomfort, as if they are trying to avoid saying anything too bold.",
            "ja": "格式服を着た人々が豪華な部屋で、静かで不自然な会話をしている。硬直した姿勢と広げた目は、何か大胆な言葉を避けようとしている様子を表している。",
            "zh": "一群穿着正式服装的人站在一个华丽的房间里，进行着安静而尴尬的交谈。他们僵硬的姿态和睁大的眼睛表明他们感到不适，似乎在极力避免说任何冒犯性的话。",
            "my": "ရုံးဝတ်စုံဝတ်ဆင်ထားသော လူအုပ်စုတစ်စုသည် ခန်းမကြီးတစ်ခုအတွင်း တိတ်တိတ်ကလေး စကားပြောဆိုနေကြသည်။ သူတို့၏ တောင့်တင်းနေသော ကိုယ်နေဟန်ထားနှင့် မျက်လုံးများမှာ မည်သည့်အရာကိုမျှ ရဲရဲဝံ့ဝံ့ မပြောမိစေရန် ကြိုးစားနေသည့် မသက်မသာဖြစ်မှုကို ဖော်ပြနေသည်။"
        }
    },
    {   "image": "cartoon/cartoon-2.png",
        "caption": {
            "en": "Feeding Fear to a Tiny Terror",
            "ja": "小さな恐怖に恐怖を与える",
            "zh": "喂给小恐怖以恐惧",
            "my": "စိတ်ကျွန်မှုကို အလေးပြုသော စိတ်ကျွန်မှုကို အစာဖြင့် ချွန်းထားခြင်း"
        },
            "description": {
            "en": "A man in a top hat feeds a small figure labeled 'TERROR' sitting on a log. Another man hides behind a tree, watching the scene with concern. The cartoon suggests the act of nurturing or reinforcing fear.",
            "ja": "「テラーバ」（恐怖）と書かれた小さな人物が丸太に座っており、トッパハットをかぶった男性がその人物に何かを与えてい。別の男性は木の後ろに隠れて、その場面を心配そうに見守っている。この漫画は、恐れを育てたり強化したりする行為を示唆している。",
            "zh": "一个戴高帽的男人正在给坐在原木上的一个小人喂食，小人身上标有“TERROR”（恐怖）。另一个人躲在树后，担忧地看着这一幕。这幅漫画暗示了滋养或强化恐惧的行为。",
            "my": "တစ်ယောက်က 'TERROR' (အနှစ်သာရ) ဟု စာသားရေးထားသည့် အရွယ်အစားအငယ်သော လူကို အိုးကြီးတွင် အစာဖြင့် ချွန်းပေးနေသည်။ အခြားတစ်ယောက်က သစ်ပင်အကဲ့သို့ ကျော်ကျော်နေ၍ အာရုံစိုက်နေသည်။ ဒီကာတွန်းသည် အနှစ်သာရကို ကျွေးမှုပြုခြင်း သို့မဟုတ် တားဆီးခြင်းကို အဓိပ္ပာယ်ပေးသည်။"
        }
    },
    {   "image": "cartoon/cartoon-3.png",
        "caption": {
            "en": "Finally, a meeting that could’ve been an email.",
            "ja": "ついに、メールで済んだはずの会議。",
            "zh": "终于，一场本可以是邮件的会议。",
            "my": "နောက်ဆုံးတော့ အီးမေးလ်နဲ့ ပြီးနိုင်တဲ့ အစည်းအဝေးတစ်ခုပါ။"
        },
        "description": {
            "en": "A group of exhausted office workers slump around a conference table littered with coffee cups. One holds a sign saying ‘Why are we here?’",
            "ja": "疲れ切ったオフィスワーカーたちが、コーヒーのカップで散らかった会議テーブルの周りにぐったりと座っている。一人が「なぜここにいるのか？」と書かれた看板を持っている。",
            "zh": "一群疲惫的上班族瘫坐在堆满咖啡杯的会议桌旁。其中一人举着一块牌子，上面写着“我们为什么在这里？”",
            "my": "မောပန်းနွမ်းနယ်နေသော ရုံးသားများအုပ်စုသည် ကော်ဖီခွက်များဖြင့် ပြည့်နေသော အစည်းအဝေးစားပွဲပတ်လည်တွင် ခြေထောက်ကျဆင်းနေကြသည်။ တစ်ဦးက ‘ငါတို့ ဒီမှာ ဘာကြောင့်ရှိနေရတာလဲ’ ဟု ရေးထားသော ဆိုင်းဘုတ်ကို ကိုင်ထားသည်။"
        }
    },
    {   "image": "cartoon/cartoon-4.png",
        "caption": {
            "en": "Nature’s way of saying ‘slow down.’",
            "ja": "自然が「スピードを落とせ」と言っている。",
            "zh": "大自然在说：“慢一点。”",
            "my": "သဘာဝက 'နှေးနှေးလေး လုပ်ပါ' လို့ ပြောနေတာပါ။"
        },
        "description": {
            "en": "A hiker slips on a muddy trail while reaching for a tree branch. Rain pours down, and his wide-eyed expression shows surprise rather than injury.",
            "ja": "登山者がぬかるんだ道で木の枝に手を伸ばそうとして滑っている。雨が降り注ぎ、彼の目を見開いた表情は怪我ではなく驚きを示している。",
            "zh": "一名徒步者在泥泞小径上伸手抓树枝时滑倒。大雨倾盆，他瞪大的眼睛流露出的是惊讶而非受伤。",
            "my": "တောင်တက်သမားတစ်ဦးသည် မြေပြင်စိုထော်နေသော လမ်းကြောင်းပေါ်တွင် သစ်ကိုင်းတစ်ခုကို ဆွဲဖို့ ကြိုးစားရင်း ချော်လဲသည်။ မိုးကြီးစွာရွာနေပြီး သူ၏ မျက်လုံးများမှာ ထိခိုက်မှုမဟုတ်ဘဲ အံ့အားသင့်မှုကို ဖော်ပြနေသည်။"
        }
    },
    {   "image": "cartoon/cartoon-5.png",
        "caption": {
            "en": "The job interview: 'We’re hiring for a cat.'",
            "ja": "面接：「猫を採用します」",
            "zh": "面试：‘我们正在招聘一只猫。’",
            "my": "အလုပ်အကိုင်ဆွေးနွေးမှု – 'ကြောင်တစ်ကောင်ကို အလုပ်သင်္ဘောထဲ ခေါ်ယူပါသည်။'"
        },
        "description": {
            "en": "A cat in a suit sits at a desk, interviewing a smaller cat. A sign on the desk reads 'Job Open: Cat', indicating a humorous twist on job recruitment.",
            "ja": "スーツ姿の猫が机に座り、小さな猫を面接している。机の上には「求人：猫」と書かれた看板があり、雇用募集のユーモラスなパロディである。",
            "zh": "一只穿着西装的猫坐在办公桌后，正在面试一只更小的猫。桌上贴着一张写着“职位空缺：猫”的告示，讽刺性地调侃了招聘流程。",
            "my": "အဝတ်အစားဖြင့် အုပ်စုကို ချီးမွမ်းနေသော ကြောင်တစ်ကောင်သည် ရုံးစားပွဲတစ်ခု၌ အိမ်ကြောင်အုပ်စုကို အလုပ်အကိုင်ဆွေးနွေးမှု ပြုလုပ်နေသည်။ စားပွဲပေါ်တွင် 'အလုပ်အကိုင် ဖွင့်ထားသည် - ကြောင်' ဟု ရေးထားသော ပြုံးစာကို တွေ့ရသည်။"
        }
    },
    {   "image": "cartoon/cartoon-6.png",
        "caption": {
            "en": "The view from the top is... lonely.",
            "ja": "頂上からの眺めは…寂しい。",
            "zh": "站在顶峰的感觉是……孤独。",
            "my": "အကောင်းဆုံးနေရာမှ မြင်ကွင်းကို ကြည့်ပါက... တစ်ယောက်တည်းဖြစ်နေသည်။"
        },
        "description": {
            "en": "A man stands at the base of a towering wall, looking up at a lone figure perched precariously on the edge. The vast emptiness emphasizes isolation and scale.",
            "ja": "男が巨大な壁の下に立ち、その上端に危険そうに座っている一人の人物を見上げている。広大な空白が孤独と規模感を強調している。",
            "zh": "一名男子站在高墙底部，抬头望着边缘处一个孤身而坐的身影。巨大的空旷突显出孤立无援与尺度对比。",
            "my": "အကြီးကြီး တံတားတစ်ခု၏ အောက်ပိုင်းတွင် လူတစ်ဦး တိုက်နေပြီး အထက်တွင် အနီးကပ်သွားသော အတွင်းကျနေသော လူတစ်ဦးကို ကြည့်နေသည်။ အကျယ်အဝန်းသော အလွတ်လွတ်ကျန်မှုသည် ကွဲပြားမှုနှင့် အရွယ်အစားကို အလွန်အကျွန်းကျွန်း ဖော်ပြနေသည်။"
        }
    },
    {   "image": "cartoon/cartoon-7.png",
        "caption": {
            "en": "The View from the Edge",
            "ja": "縁の上からの視点",
            "zh": "边缘的视角",
            "my": "အကျဉ်းပေါ်မှ မြင်ကွင်း"
        },
        "description": {
            "en": "A man stands at the edge of a cliff, looking up at a beetle perched on a narrow ledge above. The beetle appears to be in a precarious position, while the man below seems unfazed by the height. The scene humorously contrasts perspectives on danger.",
            "ja": "崖の端に立つ男が、上の細い段ボールの上に止まっているコオロギを見上げている。コオロギは危険な状況にあるように見えるが、下の男は高さに無関心である。この場面は、危険に対する視点の違いをユーモラスに描いている。",
            "zh": "一名男子站在悬崖边，抬头看着上方窄梁上的一只甲虫。甲虫看似处于危险位置，而下方的男子却对高度毫不在意。画面幽默地对比了不同人对危险的认知差异。",
            "my": "တစ်ယောက်က တောင်ရှိ လွှတ်တက်သည့် အနားတစ်ခု၌ တည်နေပြီး အထက်တွင် အလွန်အားလျော့သော အိုးကြီးပေါ်တွင် တည်နေသည့် ကောက်ကြီးကို ကြည့်နေသည်။ ကောက်ကြီးသည် အန္တရာယ်နှင့် ပြည့်နေသော အခြေအနေတွင် ရှိနေသော်လည်း အောက်တွင် ရှိသည့် လူသည် အမြင့်ကို မှားမှားနေသည်။ ဒီဇုန်သည် အန္တရာယ်ကို အကဲဖြစ်သော အမြင်အမျိုးမျိုးကို ရယ်စရာဖြစ်အောင် ပြသထားသည်။"
        }
    },
    {   "image": "cartoon/cartoon-8.png",
        "caption": {
            "en": "The taller the hat, the shorter the patience.",
            "ja": "帽子が高くほど、我慢強さは短い。",
            "zh": "帽子越高，耐心越短。",
            "my": "အိုးအမှုန် ပိုများလေ အနှောက်အနား ပိုနည်းလေ။"
        },
        "description": {
            "en": "A chef with an extremely tall hat stands over a cutting board, while four other chefs with standard hats watch. The exaggerated height suggests authority and impatience.",
            "ja": "非常に高い帽子をかぶったシェフがカッティングボードの前で立っており、他の4人の普通の帽子をかぶったシェフたちが見守っている。帽子の高さの誇張は権威と不機嫌さを示している。",
            "zh": "一位戴着极高厨师帽的厨师站在砧板前，其他四位戴普通高帽的厨师在旁观看。夸张的高度暗示其权威和缺乏耐心。",
            "my": "အလွန်အများကျော်သော အိုးအမှုန်ကို ဆောင်ထားသော ကြော်ပြုတ်ကို ကြော်ပြုတ်တစ်ခုပေါ်တွင် တိုက်နေပြီး အခြား ၄ ဦးသည် အများသား အိုးအမှုန်များကို ဆောင်ထားသော ကြော်ပြုတ်များကို ကြည့်ရှုနေသည်။ အိုးအမှုန်၏ အလွန်အကျွန်းကျွန်း အမြင့်သည် အာဏာနှင့် အချိန်အား မတွေ့မိမှုကို ဖော်ပြနေသည်။"
        }
    },
    {   "image": "cartoon/cartoon-9.png",
        "caption": {
            "en": "When your horse has better fashion sense than you.",
            "ja": "あなたの馬の方がファッションセンスがいいとき。",
            "zh": "当你的马比你更懂时尚时。",
            "my": "သင့်မားက သင့်ထက် အသားအရောင် ပိုကောင်းသည့်အခါ။"
        },
        "description": {
            "en": "A man in a suit adjusts his tie in front of a mirror, while a horse beside him wears a tailored jacket and looks at him with a smug expression.",
            "ja": "スーツ姿の男性が鏡の前でネクタイを直している一方、隣にいる馬はカスタムジャケットを着ており、自慢げな表情で彼を見つめている。",
            "zh": "一名穿西装的男子正对着镜子整理领带，而他身旁的马穿着定制夹克，一脸得意地看着他。",
            "my": "အဝတ်အစားဖြင့် အုပ်စုကို ချီးမွမ်းနေသော လူတစ်ဦးသည် မျက် 거울ကွက်မှာ ကျောက်ကို ပြင်ဆင်နေပြီး သူ၏ အနားတွင် ကြောင်းတွင် ကျောက်အုပ်စုကို ဆောင်ထားသော မားတစ်ကောင်သည် ကျော်လွန်သော အမျက်အမျက်ဖြင့် သူကို ကြည့်နေသည်။"
        }
    },
    {   "image": "cartoon/cartoon-10.png",
        "caption": {
            "en": "Breaking news: we’re still awake.",
            "ja": "速報：まだ目覚めてる。",
            "zh": "突发新闻：我们还没睡。",
            "my": "အသိအမှတ်ပြုချက် - ကျွန်ုပ်တို့ အိပ်မက်နေသေးပါ။"
        },
        "description": {
            "en": "A couple lies under a blanket on a bed, watching a news broadcast on TV. The anchor appears serious, but the scene humorously contrasts their late-night routine with current events.",
            "ja": "夫婦が布団に包まってベッドに横になり、テレビのニュース番組を見ている。アナウンサーは真剣だが、この場面は彼らの深夜の習慣と現実の出来事をユーモラスに対比させている。",
            "zh": "一对夫妇盖着被子躺在床上，正在看电视新闻。主播神情严肃，但画面幽默地将他们的夜间作息与重大新闻形成对比。",
            "my": "အိမ်သားနှစ်ဦးသည် အိပ်ရာပေါ်တွင် အိပ်ရာအုပ်ဖြင့် ပါးပါးကို အိုးပါးကို ကြည့်နေသည်။ အသံအမှတ်ပြုသူသည် ကျိုးကြောင်း အတိုင်း အကျိုးအကျိုး ကြည့်နေသော်လည်း ဤပုံစံသည် သူတို့၏ ညနေပိုင်း အလုပ်အကိုင်ကို လက်ရှိ အဖြစ်အပျက်များနှင့် ရယ်စရာဖြစ်စေသည့် နှိုင်းယှဉ်မှုဖြစ်သည်။"
        }
    }
]