Image,llm,ground_truth_caption,ground_truth_description,llm_caption,llm_description,caption_match,description_match,semantic_match
C001.jpg,ChatGPT,"Step into another’s shoes, and you’ll understand their pain.","A man gets caught in a fox trap he had set, while the fox gleefully takes a ‘selfie’ with him, reveling in his struggle and pain.",Tables turned: Fox takes the selfie,"A man is caught in his own animal trap and cries in pain. Meanwhile, a fox happily takes a selfie with the trapped man in the background.",0.12971643,0.82600546,0.47786093
,Claude ,"Step into another’s shoes, and you’ll understand their pain.","A man gets caught in a fox trap he had set, while the fox gleefully takes a ‘selfie’ with him, reveling in his struggle and pain.",When the hunter becomes the hunted's photo op,"A lumberjack in a red plaid shirt is trapped by a leg snare in a forest clearing. A clever fox stands nearby, taking a selfie or photo with what appears to be a smartphone, seemingly pleased with the role reversal.",0.076349206,0.5638273,0.32008824
,Gemini,"Step into another’s shoes, and you’ll understand their pain.","A man gets caught in a fox trap he had set, while the fox gleefully takes a ‘selfie’ with him, reveling in his struggle and pain.","Trapper becomes the trapped, and a fox goes viral.","A cartoon shows a man with a beard and a plaid shirt, caught by his own leg trap. A fox stands next to him, taking a selfie with its phone. The fox looks happy, while the man appears frustrated.",0.14028789,0.72018814,0.430238
C002.jpg,ChatGPT,"Should i jump?"": Not-so-high-safety research","Three penguins are present: two dressed in lab coats, while the third has his arms bound to a wooden board, preparing to leap off an icy cliff",Penguin’s risky experiment begins,"On an icy cliff, two penguins in lab coats observe and take notes. Another penguin stands at the edge, holding a large wooden plank as part of an experiment.",0.29446185,0.753801,0.5241314
,Claude ,"Should i jump?"": Not-so-high-safety research","Three penguins are present: two dressed in lab coats, while the third has his arms bound to a wooden board, preparing to leap off an icy cliff","Some penguins sightsee, others bring building supplies","Three penguins stand on an ice cliff overlooking the ocean. Two penguins on the left appear to be tourists, with one holding a camera and another reading what looks like a guidebook. The third penguin on the right carries wooden planks, creating a humorous contrast between leisure and work activities.",0.07115786,0.76653373,0.4188458
,Gemini,"Should i jump?"": Not-so-high-safety research","Three penguins are present: two dressed in lab coats, while the third has his arms bound to a wooden board, preparing to leap off an icy cliff",Is it a bridge or a new flight plan?,"A cartoon shows three penguins on the edge of an ice cliff. Two of them, dressed in lab coats, are consulting a clipboard. The third penguin stands on the edge, holding a log over its shoulders.",0.19682533,0.77138317,0.48410425
C003.jpg,ChatGPT,Education systems reform people but monotonously,"Once rough-looking men pass through a red book, they emerge educated and well-mannered, yet shaped uniformly.",Books transform people into professionals,"The cartoon shows a group of tired and ragged people entering a giant book. On the other side, they emerge as well-dressed professionals carrying briefcases, symbolizing the transformative power of knowledge and education.",0.3795235,0.4348234,0.40717345
,Claude ,Education systems reform people but monotonously,"Once rough-looking men pass through a red book, they emerge educated and well-mannered, yet shaped uniformly.",When knowledge becomes a safe haven for professionals,"A large book has fallen over and created a shelter underneath. While a group of people flee in panic from the fallen book, several business professionals in suits have taken refuge under it, calmly standing with their briefcases. The cartoon suggests a contrast between those who fear knowledge and those who find protection in it.",0.3252443,0.34535977,0.33530205
,Gemini,Education systems reform people but monotonously,"Once rough-looking men pass through a red book, they emerge educated and well-mannered, yet shaped uniformly.",Knowledge transforms us; read a book,"A line of disheveled, unkempt people are entering a giant open book. On the other side of the book, well-dressed individuals with briefcases are emerging. The cartoon suggests that reading and knowledge lead to personal transformation.",0.34625518,0.4573349,0.40179503
C004.jpg,ChatGPT,The cage of mind shackles those who dare not,"The Thinker statue remains in place in a deep thought , while the tagged Doer statue has already walked away from that place.","Thinkers sit, doers move forward","The cartoon shows two pedestals: one with a statue labeled 'The Thinker' and another labeled 'The Doer' that is empty. Footprints indicate that 'The Doer' has stepped off and walked away, symbolizing the difference between only thinking and taking action.",0.32594284,0.6813642,0.5036535
,Claude ,The cage of mind shackles those who dare not,"The Thinker statue remains in place in a deep thought , while the tagged Doer statue has already walked away from that place.","While one thinks, the other has already left","In a classical setting with columns, two pedestals stand side by side labeled 'THE THINKER' and 'THE DOER'. A figure sits in a contemplative pose on the thinker's pedestal, while the doer's pedestal is empty with footprints leading away from it. The image contrasts those who contemplate with those who take action.",0.27221733,0.58942115,0.43081924
,Gemini,The cage of mind shackles those who dare not,"The Thinker statue remains in place in a deep thought , while the tagged Doer statue has already walked away from that place.","Thinkers ponder, doers make tracks.","The image features two pedestals with classical columns in the background. One pedestal has Rodin's 'The Thinker' statue, labeled 'THE THINKER.' The second pedestal is empty, labeled 'THE DOER,' with a trail of footprints leading away from it. This illustrates the contrast between contemplation and action.",0.30847895,0.58444977,0.44646436
C005.jpg,ChatGPT,The right path doesn’t necessarily have to be everybody’s way,"While everyone else rides the escalator, one man opts to take the stairs down.",Following the crowd is easier than forging your path,"The cartoon shows many people crowded on an escalator going down. On the other side, one person chooses the empty staircase going up, symbolizing the difficulty and independence of taking a different path.",0.5194487,0.64810586,0.5837773
,Claude ,The right path doesn’t necessarily have to be everybody’s way,"While everyone else rides the escalator, one man opts to take the stairs down.","Taking the road less traveled, one step at a time","The image shows two parallel staircases - a crowded escalator on the left filled with many people riding up together, and an empty regular staircase on the right with only one person climbing it alone. The cartoon illustrates the contrast between choosing the easy, popular path versus taking the more challenging, individual route.",0.47785738,0.6046372,0.5412473
,Gemini,The right path doesn’t necessarily have to be everybody’s way,"While everyone else rides the escalator, one man opts to take the stairs down.",Choose your path: the easy way or the active way.,"A cartoon depicts a crowded escalator moving upwards on the left, full of people. On the right, a set of empty stairs ascends in parallel. A single person is walking up these stairs with a briefcase, contrasting the two options for ascent.",0.6696533,0.614375,0.64201415
C006.jpg,ChatGPT,"Where your attention goes, your energy flows","An eye holds hands with a battery, and indicate the direction it has been observing.","Power and vision, guiding together.","The cartoon shows a battery holding hands with a pair of eyes. The battery looks happy, while the eyes are pointing ahead, symbolizing that energy and vision work together to move forward.",0.45523667,0.7447493,0.599993
,Claude ,"Where your attention goes, your energy flows","An eye holds hands with a battery, and indicate the direction it has been observing.",Some relationships are more draining than others,"A cartoon shows a personified battery with a happy, energetic expression holding hands with a personified light bulb that appears tired and droopy. The image humorously illustrates the relationship between a battery providing energy and a light bulb consuming it. The contrast between their expressions suggests the one-sided nature of their energy exchange.",0.14594576,0.4490425,0.2974941
,Gemini,"Where your attention goes, your energy flows","An eye holds hands with a battery, and indicate the direction it has been observing.",Let's connect and generate some good energy!,"A cartoon shows a smiling battery with a positive and negative terminal holding hands with a wide-eyed, smiling character. The character is pointing forward, suggesting they are about to embark on an adventure or task together. The image conveys a sense of partnership and energy.",0.39922613,0.49865985,0.448943
C007.jpg,ChatGPT,"Stop waiting for the perfect time, take action right now","A snail slowly moves toward a crocodile, which waits with its mouth open instead of chasing it. Eventually, the crocodile, having waited too long, dies of hunger.",Patience outlasts the predator.,"The cartoon shows a crocodile trying to chase a snail. As time passes, the crocodile grows weaker and eventually turns into a skeleton, while the snail calmly continues forward. It illustrates how patience and persistence can outlast aggression.",0.37083232,0.7007015,0.5357669
,Claude ,"Stop waiting for the perfect time, take action right now","A snail slowly moves toward a crocodile, which waits with its mouth open instead of chasing it. Eventually, the crocodile, having waited too long, dies of hunger.","Patience has its limits, even for predators","A three-panel cartoon shows a snail being chased by a crocodile. In the first two panels, the crocodile appears healthy and green while pursuing the slow-moving snail. In the final panel, the crocodile has become a skeleton, having apparently died of old age while waiting to catch the extremely slow snail.",0.31953236,0.70859146,0.5140619
,Gemini,"Stop waiting for the perfect time, take action right now","A snail slowly moves toward a crocodile, which waits with its mouth open instead of chasing it. Eventually, the crocodile, having waited too long, dies of hunger.","Patience is a virtue, and sometimes the only option.","A cartoon shows a snail slowly moving towards a crocodile with its mouth wide open. The second frame shows the snail still moving and the crocodile getting older. The third frame shows the snail finally reaching the crocodile, which has been reduced to a skeleton.",0.4610605,0.7138238,0.58744216
C008.jpg,ChatGPT,A clever way to both protect from rain and collect it—an intelligent method of recycling,"A man walks through the rain, using a roof made of pipelines as his umbrella, while pushing a small cart with a jar beneath it, so the rainwater funnels through the pipes and collects in the jar.",When rain becomes portable water supply.,The cartoon shows a man walking in the rain with a modified umbrella. The umbrella collects rainwater through a pipe that channels it into a jar he pulls behind him. It humorously illustrates the idea of turning rain protection into a water collection system.,0.5224741,0.6774534,0.5999638
,Claude ,A clever way to both protect from rain and collect it—an intelligent method of recycling,"A man walks through the rain, using a roof made of pipelines as his umbrella, while pushing a small cart with a jar beneath it, so the rainwater funnels through the pipes and collects in the jar.",Making the most of a rainy day,"A person with an elephant-like trunk walks through the rain holding an umbrella and pulling a wheeled suitcase. The trunk cleverly acts as a downspout, directing rainwater from the umbrella into the suitcase below. This creates a humorous solution for collecting rainwater while staying dry.",0.47304595,0.6310482,0.5520471
,Gemini,A clever way to both protect from rain and collect it—an intelligent method of recycling,"A man walks through the rain, using a roof made of pipelines as his umbrella, while pushing a small cart with a jar beneath it, so the rainwater funnels through the pipes and collects in the jar.","When life gives you rain, make water.",A cartoon shows a man walking in the rain while holding a unique umbrella. The umbrella is shaped like a roof and is connected by a drainpipe to a tank on a trolley. The man is collecting rainwater in the tank.,0.4465828,0.70015574,0.57336926
C009.jpg,ChatGPT,"Deceived by the stars above, unaware of what lies hidden behind their veil”","A small robot gazes at the stars, unaware that two aliens are watching from their ship hidden behind them.",Aliens caught faking the night sky.,"The cartoon shows a telescope on Earth pointing at the sky. Above, two aliens are holding up a black sheet with stars on it, pretending it is the night sky. The scene humorously suggests that what we see through telescopes might be staged.",0.4828994,0.47177202,0.4773357
,Claude ,"Deceived by the stars above, unaware of what lies hidden behind their veil”","A small robot gazes at the stars, unaware that two aliens are watching from their ship hidden behind them.",Sometimes the watchers become the watched,"The cartoon shows two panels depicting a role reversal scenario. In the upper panel, aliens in UFOs are flying through space near what appears to be a view of starry space. In the lower panel, an observatory with a telescope sits on a planetary surface, suggesting that while humans search for alien life, aliens might also be observing us.",0.21253043,0.43186882,0.32219964
,Gemini,"Deceived by the stars above, unaware of what lies hidden behind their veil”","A small robot gazes at the stars, unaware that two aliens are watching from their ship hidden behind them.","Space invaders, or just making things a little tidier?""","A cartoon shows two aliens in a spaceship holding a large black sheet with white dots on it. They are in space, hovering above a telescope on a planet's surface. The black sheet appears to be the 'night sky,' which they are trying to remove.",0.1851426,0.47396654,0.32955456
C010.jpg,ChatGPT,Would you like a bottle of clean air?,"A man runs a stall where he sells purified air, describing how bad air pollution has become.","Fresh air, sold by the jar.",The cartoon shows a street vendor selling jars labeled 'Clean Air' from a stall. The idea humorously suggests that clean air has become so scarce it must be sold like a product.,0.48715684,0.62629366,0.55672526
,Claude ,Would you like a bottle of clean air?,"A man runs a stall where he sells purified air, describing how bad air pollution has become.",When fresh air becomes a luxury commodity,"A street vendor operates a cart with an umbrella in what appears to be a heavily polluted urban environment with smoggy buildings visible in the background. The cart has a sign reading 'Clean Air', suggesting the vendor is selling fresh air as a product. This cartoon commentary highlights environmental concerns about air pollution in cities.",0.4611458,0.5905731,0.5258594
,Gemini,Would you like a bottle of clean air?,"A man runs a stall where he sells purified air, describing how bad air pollution has become.","In a polluted future, even clean air is a commodity.","A cartoon depicts a man selling 'Clean Air' from a street cart under an umbrella. He has several jars on his cart, presumably filled with the clean air. The background suggests an urban setting, possibly implying a future with polluted air.",0.48803997,0.6104536,0.5492468
C011.jpg,ChatGPT,"Where love blooms, disappointment lingers quietly, unseen by most","A couple on a boat entering into a tunnel of love, unnoticed that there will be a big waterfall called “waterfall of disappointment” beyond the tunnel","Love’s tunnel, disappointment’s fall.","The cartoon shows a couple entering a 'Tunnel of Love' ride. However, the ride unexpectedly ends at a cliff labeled 'Waterfall of Disappointment,' where boats and people tumble down. It humorously suggests that romance can sometimes lead to unexpected letdowns.",0.5436622,0.7490455,0.64635384
,Claude ,"Where love blooms, disappointment lingers quietly, unseen by most","A couple on a boat entering into a tunnel of love, unnoticed that there will be a big waterfall called “waterfall of disappointment” beyond the tunnel","Love's journey: high hopes, mixed results","A cartoon landscape shows a mountain with a cave entrance decorated with hearts and labeled 'Tunnel of Love' on the left, while on the right there is a waterfall labeled 'Waterfall of Disappointment.' The image humorously contrasts romantic expectations with potential outcomes. The scene suggests that love's journey may begin with high hopes but can lead to unexpected results.",0.5553478,0.6482512,0.6017995
,Gemini,"Where love blooms, disappointment lingers quietly, unseen by most","A couple on a boat entering into a tunnel of love, unnoticed that there will be a big waterfall called “waterfall of disappointment” beyond the tunnel",Expectations versus reality: a common theme in relationships.,"A cartoon shows a couple in a boat entering a tunnel labeled 'Tunnel of Love.' Another couple and their boat are seen plunging over a waterfall, which is labeled 'Waterfall of Disappointment.' The image illustrates a humorous contrast between romantic ideals and the harsh realities of a relationship.",0.40729105,0.80743945,0.60736525
C012.jpg,ChatGPT,The path to peace required the sacrifice of many people,"In a inverted trapezium-like landscape, a central hole divides the scene. People waving white flags stand along the cliff edges, but one by one they fall into the void. Only when the hole is filled does a bridge form, finally bringing peace.",Bridges built on the fallen.,"The cartoon shows two groups of people separated by a deep gap. Individuals jump into the gap, creating a pile of fallen bodies that eventually fills it, allowing the rest to cross. It illustrates how sacrifices make progress possible for others.",0.20012881,0.44840252,0.32426566
,Claude ,The path to peace required the sacrifice of many people,"In a inverted trapezium-like landscape, a central hole divides the scene. People waving white flags stand along the cliff edges, but one by one they fall into the void. Only when the hole is filled does a bridge form, finally bringing peace.",Progress built on sacrifice of the fallen,"A three-panel cartoon shows two cliffs with crowds holding flags facing each other across a deep chasm. In the first panel, a few people fall into the gap. The second panel shows more bodies accumulating at the bottom. In the final panel, the chasm has been filled with the fallen, creating a bridge that allows the remaining crowds to potentially cross over to each other.",0.590739,0.6383461,0.61454254
,Gemini,The path to peace required the sacrifice of many people,"In a inverted trapezium-like landscape, a central hole divides the scene. People waving white flags stand along the cliff edges, but one by one they fall into the void. Only when the hole is filled does a bridge form, finally bringing peace.","Closing the divide, one person at a time.","A cartoon strip shows two crowds facing each other across a chasm. In the first panel, a few individuals from each side jump into the gap. In the second panel, more people have filled the gap, and in the final panel, the gap is completely filled with people, allowing a handshake between representatives from each side.",0.20477447,0.43225986,0.31851715
