မြင်ချင်လို့	ယောက်ျားဖြစ်သူသည် မိန်းမအတွက် ဆွယ်တာတစ်ထည် ဝယ်လာသည် မိန်းမ၏နံပါတ်မှာ ၅၂ဖြစ်သော်လည်း ၎င်းက နံပါတ်၄၀ကို ဝယ်လာသဖြင့် မိန်းမက မြည်တွန်တောက်တီးသည် "ရှင် ဦးနှောက်မှ ကောင်းသေးရဲ့လား ဒီဆွယ်တာကို ကျွန်မ ဘာလုပ်ရမှာလဲ စွပ်လို့မှ မရတဲ့ဥစ္စာ" "အေးကွာ မင်းကို လွန်ခဲ့တဲ့ ဆယ်နှစ်ကလို ပိန်ပိန်သွယ်သွယ်လေး မြင်ချင်တဲ့စိတ် ပေါ်လာတာနဲ့ပဲ ဝယ်လာမိတယ်"	affiliation	အေးကွာ မင်းကို လွန်ခဲ့တဲ့ ဆယ်နှစ်ကလို ပိန်ပိန်သွယ်သွယ်လေး မြင်ချင်တဲ့စိတ် ပေါ်လာတာနဲ့ပဲ ဝယ်လာမိတယ်
သိချင်တယ်	တရားခံက ရုံးတော်ကို လျှောက်ထားသည် "ဒီကနေ အမှုမစစ်ဘဲ ရက်ချိန်းပေးဖို့ မေတ္တာရပ်ခံပါတယ် ကျွန်တော့ရှေ့နေ ရောက်မလာပါဘူး" တရားသူကြီးကပြန်ပြောသည် "သူများအိတ်ထောင်ထဲက ခင်ဗျား လက်နှိုက်နေတဲ့အချိန်မှာ ရဲသားက ခင်ဗျားကို လက်ပူးလက်ကြပ်မိတာပဲ ခင်ဗျား ရှေ့နေက ဘာများပြောနိုင်မှာလဲ" "ကျွန်တော်လည်း အဲတာကိုပဲ သိချင်နေတာပါ"	self-enhance	ကျွန်တော်လည်း အဲတာကိုပဲ သိချင်နေတာပါ
ဘယ်သူပိုက်ဆံဖြစ်မလဲ	မိန်းမက ယောက်ျားကို သတင်းပေးသည်။ "ဒီနေ့ ဈေးဝယ်ထွက်ရင်း ပိုက်ဆံနည်းနည်း မလောက်တာနဲ ရှင့်ရုံးကို ကျွန်မ လာတယ်၊ ရှင့်အခန်းထဲမှာ ရှင်မရှိဘူး၊ ဒါနဲ့ ချိတ်ထားတဲ့ တိုက်ပုံထဲက ပိုက်ဆံ ၂၀၀-ယူသွားတယ်" "ကိစ္စမရှိပါဘူး မိန်းမရယ်၊ ငါ တခြားရုံးမှာ ပြောင်းလုပ်နေတာ တစ်လရှိပြီကွယ့်"	self-enhance	ကိစ္စမရှိပါဘူး မိန်းမရယ်၊ ငါ တခြားရုံးမှာ ပြောင်းလုပ်နေတာ တစ်လရှိပြီကွယ့်
သောက်စေချင်လိုဟုတ်ဖူး	ခင်ဗျားမိန်းမကို ခင်ဗျား ဆေးလိပ်သောက်ခွင့် ပေးတယ်နော် "ဟုတ်တယ် တစ်ခါတလေ သူ ပါးစပ်ပိတ်ထားရင် နားအေးတာပေါ့"	affiliation	ဟုတ်တယ် တစ်ခါတလေ သူ ပါးစပ်ပိတ်ထားရင် နားအေးတာပေါ့
စကားထာဝှက်တမ်း	မည်သူက စကားထာပိုကောင်းအောင် ဝှက်နိုင်သနည်းဆိုသည်နှင့် ပတ်သက်၍ ပါမောက္ခနှင့် ၎င်း၏ယာဉ်မောင်းတို အပြန်အလှန်စိမ်ခေါ်ကြသည် ပထမဦးစွာလောင်းကြေးကို သတ်မှတ်ကြသည် ပါမောက္ခက ပြောသည် "ဆယ်ဒေါ်လာကြေး လောင်းရအောင်" "ဒရိုင်ဘာဆီမှာ ဒီလောက်ပိုက်ဆံ ဘယ်ရှိပါ့မလဲ ဆရာက တစ်ဆယ်ထည့် ကျွန်တော်က တစ်ဒေါ်လာ ထည့်မယ်" "စိမ်လိုက်"	affiliation	ဒရိုင်ဘာဆီမှာ ဒီလောက်ပိုက်ဆံ ဘယ်ရှိပါ့မလဲ ဆရာက တစ်ဆယ်ထည့် ကျွန်တော်က တစ်ဒေါ်လာ ထည့်မယ်
ယာဉ်မောင်းကစဝှက်သည်။	မြေပေါ်မှာ လမ်းလျှောက်တယ် မြေအောက်မှာ တွားသွားတယ် သစ်ပင်တစ်ပင်ကနေ နောက်တစ်ပင်ဆီ ခုန်ကူးတယ် လေထဲမှာလည်း ပျံတတ်တယ် အဲဒီသတ္တဝါ ဘာလဲ ပါမောက္ခကြီး အမျိုးမျိုး စဉ်းစားသည် မည်သို့မှ အဖြေပေါ် မလာချေ သို့နှင့် တပည့်ဖြစ်သူကို ဆယ်ဒေါ်လာ ပေးလိုက်ရသည် "ဆရာဝှတ်တဲ့အလှည့်"ဟု ဒရိုက်ဘာက ပြောသည် "မြေပေါ်မှာ လမ်းလျှောက်တယ် မြေအောက်မှာဆို တွားသွားတယ် သစ်ပင်တစ်ပင်ကနေ တစ်ပင်ကို ခုန်ကူးတယ် လေထဲမှာလည်း ပျံတယ် အဲဒီသတ္တဝါ ဘာလဲ" "မသိဘူးဆရာ" ဤသို့ပြောကာ ဒရိုက်ဘာက တစ်ဒေါ်လာပေးလိုက်လေသည်	self-enhance	မြေပေါ်မှာ လမ်းလျှောက်တယ် မြေအောက်မှာဆို တွားသွားတယ် သစ်ပင်တစ်ပင်ကနေ တစ်ပင်ကို ခုန်ကူးတယ် လေထဲမှာလည်း ပျံတယ် အဲဒီသတ္တဝါ ဘာလဲ
လူနာတွေ များလာတယ်	ဆေးရုံအုပ်ကြီး၏ မိန် ခွန်းမှ ကောက်နုတ်ချက် "လူနာကြည့် ဧည့်သည်များဟာ ခြောက်ထပ် ပြတင်းပေါက်မှတစ်ဆင့် လူနာများထံ လာရောက်တွေ့ ဆုံကြတယ် ဒါကြောင့် ဧည့်သည်တွေ နည်းသထက် နည်းလာပြီး လူနာတွေ များသထက် များလာနေပါတယ်"	affiliation	လူနာကြည့် ဧည့်သည်များဟာ ခြောက်ထပ် ပြတင်းပေါက်မှတစ်ဆင့် လူနာများထံ လာရောက်တွေ့ ဆုံကြတယ် ဒါကြောင့် ဧည့်သည်တွေ နည်းသထက် နည်းလာပြီး လူနာတွေ များသထက် များလာနေပါတယ်
အရှင်မထားဘူး	မျက်နှာတွင် ညိုမည်းသော ဒဏ်ရာနှင့် လူတစ်ဦးသည် အလွန် ကြီးမားသောသေတ္တာကို မနိုင့်တနိုင် ဆွဲလာသည် မျက်နှာက ဒဏ်ရာကို ပြကာ မိတ်တွေကို၎င်းက ပြောသည် "ငါ့မိန်းမက ငါ့ကို နှိပ်ထည့်လိုက်တာလေ" "ဟုတ်လား မင်းက ဒါကို သည်းခံနိုင်တာ အံ့ရော ငါ့မိန်းမသာဆိုရင်တော့ အရှင်မထားဘူး" "ငါလည်း ဒီလိုပါပဲ အခု သေတ္တာထဲမှာ ဘာပါတယ် မင်းထင်သလဲ"	self-enhance	ငါလည်း ဒီလိုပါပဲ အခု သေတ္တာထဲမှာ ဘာပါတယ် မင်းထင်သလဲ
မေ့သွားတယ်	တရားသူကြီးက မေးသည် "ဒီလူကြီး မင်းကို 'ငပေါကြီး' လို့ပြောတယ်နော်" "ဟုတ်ပါတယ်" "ဏှာဗူးကြီးလို့လည်း ခင်ဗျားပြောတယ် ဟုတ်သလား" "အဲဒါတော့ ကျွန်တော် ပြောဖို့ မေ့သွားပါတယ်"	affiliation	အဲဒါတော့ ကျွန်တော် ပြောဖို့ မေ့သွားပါတယ်
အခြေအနေ မကောင်းဘူး	နာမကျန်းဖြစ်နေသော ယောက်ျားနှင့်မိန်းမကို ဆရာဝန်က အိမ်တိုင်ရာရောက်လာကာ စမ်းသပ်စစ်ဆေးသည် စစ်ဆေးပြီးသောအခါ ဆွေမျိုးများက ဝိုင်းမေးကြသည် "အခြေအနေ စိုးရိမ်ရသလား ခင်ဗျာ" "အင်း နှစ်ယောက်စလုံး မကြာခင် မုဆိုးဖိုနဲ့ မုဆိုးမ ဖြစ်ကြဖို့ ရှိတယ်"	affiliation	အင်း နှစ်ယောက်စလုံး မကြာခင် မုဆိုးဖိုနဲ့ မုဆိုးမ ဖြစ်ကြဖို့ ရှိတယ်
ဘာမှ မတွေ့ဘူး	အိမ်နီးချင်းက မေးသည် "ရှင့်ယောက်ျားရဲ့ ကျန်းမာရေးအခြေအနေက ဘယ်လိုလဲ" "မေးဖော်ရတဲ့အတွက် ကျေးဇူးပဲ ခေါင်းကို ဓာတ်မှန် ရိုက်ကြည့်တယ် ကံကောင်းတယ် ဘာမှ မတွေ့ ဘူးတဲ့"	self-enhance	မေးဖော်ရတဲ့အတွက် ကျေးဇူးပဲ ခေါင်းကို ဓာတ်မှန် ရိုက်ကြည့်တယ် ကံကောင်းတယ် ဘာမှ မတွေ့ ဘူးတဲ့
ကမ္ဘာကြီးအကြောင်း	အဖွား ကမ္ဘာကြီးဟာ ဘာဖြစ်လို လည်နေရတာလဲဟင် ခွေးကောင်လေး နင့်အဖေရဲ့ အရက်တွေ ခိုးသောက် ပြန်ပြီ ထင်တယ်"	self-enhance	ခွေးကောင်လေး နင့်အဖေရဲ့ အရက်တွေ ခိုးသောက် ပြန်ပြီ ထင်တယ်
မီးအာမခံ	ကျွန်တော့အိမ်ကို မီးအာမခံ ထားချင်တယ် ရမလား "ရပါ တယ်ခင်ဗျာ" "အခု ချက်ချင်းကို အာမခံ ထားချင်တာဗျ" "ရပါ တယ်ဗျ" "မြန်မြန်လေး လုပ်ပေးစမ်းပါ အိမ်က လောင်နေပြီဗျ"	self-enhance	မြန်မြန်လေး လုပ်ပေးစမ်းပါ အိမ်က လောင်နေပြီဗျ
အတွေ့ အကြုံ နည်းသေးလို့ပါ	တောမြို့ တစ်မြို့ ၏ မင်္ဂလာဆောင်ဧည့်ခံပွဲ အခန်းအနားတွင် စားသောက်နေကြသော ဧည့်သည်များကို သတိုးသမီးက လိုက်လံ နှုတ်ဆက်သည် "အားရပါးရ စားကြပါရှင် စားကြပါရှင် ဧည့်ခံပြုစုရာမှာ လိုတာ တွေ့ ရင် ခွင့်လွှတ်ပါနော် ကျွန်မက ပထမဆုံးအကြိမ် အိမ်ထောင်ပြုတာ မဟုတ်လား နောက်တစ်ခါဆိုရင်တော့ ဘာမှ မလစ်ဟင်းရအောင် ကြိုးစားပါ့မယ်"	affiliation	အားရပါးရ စားကြပါရှင် စားကြပါရှင် ဧည့်ခံပြုစုရာမှာ လိုတာ တွေ့ ရင် ခွင့်လွှတ်ပါနော် ကျွန်မက ပထမဆုံးအကြိမ် အိမ်ထောင်ပြုတာ မဟုတ်လား နောက်တစ်ခါဆိုရင်တော့ ဘာမှ မလစ်ဟင်းရအောင် ကြိုးစားပါ့မယ်
ဖြေရမှာကြောက်တယ်	ဂျိုးဆက်၏ အဆိုအရ ၎င်းကိုကုသောဆရာဝန်သည် ရောဂါ၏ ဇစ်မြစ်ကို ဖော်ထုတ်ရာတွင် အလျင်စလို နိုင်လွန်းသည် ပထမအကြိမ် ဆရာဝန်ထံရောက်စဉ်က ဂျိုးဆက်၏ လည်ချောင်း နာနေခဲ့သည် လည်ချောင်းနာကြောင်း ပြောသည်နှင့် ဆရာဝန်က ၎င်း၏ လျှာခင်ကို ဖြတ်ထုတ်လိုက်သည် ဒုတိယအကြိမ်တွင်မူ ဗိုက်နာကြောင်း ဂျိုးဆက်ကပြောရာ ဆရာဝန်က ၎င်း၏အူအတက်ကို ဖြတ်လိုက်ပြန်သည် တတိယအကြိမ် ဆရာဝန်ထံ ၎င်း လာပြသည် "ဘာဖြစ်သနည်း" ဟု ဆရာဝန်က မေးသည် ဤတစ်ခါတွင် ဂျိုးဆက် ဘာမှမှ မဖြေတော့ချေ ၎င်း ခေါင်းကိုက်နေသောကြောင့် ဖြစ်လေသည်	self-enhance	ဤတစ်ခါတွင် ဂျိုးဆက် ဘာမှမှ မဖြေတော့ချေ ၎င်း ခေါင်းကိုက်နေသောကြောင့် ဖြစ်လေသည်
ဝယ်ချင်ပါသော်လည်း	အလွန်ဝသော လူတစ်ဦး ရုပ်ရှင်ရုံထဲဝင်လာပြီး မိမိ၏ ထိုင်ခုံတွင် ထိုင်ချလိုက်သည် ဘေးခုံမှလူက မကျေမနပ် ပြောသည် "ခင်ဗျားလိုလူမျိုးက လက်မှတ်နှစ်စောင် ဝယ်သင့်တယ်ဗျ" "ဝယ်ချင်ပါတယ်ဗျာ ဒါပေမယ့် ခုံလွတ်က နှစ်ခုံပဲရှိတယ် တစ်ခုံက အခုအောက်ထပ်မှာ နောက်တစ်ခုံက အပေါ်ထပ်မှာဖြစ်နေလို့ပါ	self-deprecate	ခင်ဗျားလိုလူမျိုးက လက်မှတ်နှစ်စောင် ဝယ်သင့်တယ်ဗျ "ဝယ်ချင်ပါတယ်ဗျာ ဒါပေမယ့် ခုံလွတ်က နှစ်ခုံပဲရှိတယ် တစ်ခုံက အခုအောက်ထပ်မှာ နောက်တစ်ခုံက အပေါ်ထပ်မှာဖြစ်နေလို့ပါ
အဖော်ပါမှရမယ်	စကော့တလန် တောမြို့ တစ်မြို့မှ ရုပ်ရှင်ရုံပိုင်ရှင်သည် ရုပ်ရှင်ကားများကို ဝယ်ရန်အတွက် လန်ဒန်မြို့ သို့ တက်လာသည် လန်ဒန်ရုပ်ရှင်ရုံရှေ့တွင် ဆိုင်းဘုတ် တစ်ခုချိတ်ထားသည်ကို ၎င်းတွေ့ ရသည် "အသက် ၈၀ကျော်သူများ အခမဲ့ ကြည့်ခွင့်ရှိသည်" ဟူ၍ဖြစ်သည် "အင်မတန် ကောင်းတဲ့အကြံပဲ" ဟု စိတ်ထဲက ချီးကျူးကာမိမိမြို့ သို့ ပြန်ရောက်သောအခါ ဆိုင်းဘုတ်တစ်ခုကို ရုပ်ရှင်ရုံ ဝင်ပေါက်တံခါးတွင် ချိတ်ထားလိုက်သည် "အသက် ၈၀ကျော်များ အခမဲ့ကြည့်ခွင့်ရှိသည် သို့သော် မိဘများ ပါရမည်" ဟူ၍ ဖြစ်လေသည်	self-enhance	အသက် ၈၀ကျော်များ အခမဲ့ကြည့်ခွင့်ရှိသည် သို့သော် မိဘများ ပါရမည်
သက်သက်ညှာညှာ စဉ်းစားပါ	တရားခံက တရားရုံးသို့ နောက်ဆုံး လျှောက်လဲချက်ပေး သည် "မှန်ပါတယ် ဘတ်စ်ကားပေါ်မှာ ဒီပုဂ္ဂိုလ်ရဲ့ အိတ် ထောင်ထဲက ဒေါ်လာသုံးထောင်ထည့်ထားတဲ့ ပိုက်ဆံအိတ်ကို ကျွန်တော် နှုတ်လိုက်ပါတယ် ဒါပေမယ့် တစ်ချိန်တည်းမှာ သူမသိအောင် ကျွန်တော့ရဲ့ ဘတ်စ်ကားလက်မှတ်ကို သူ့ အိတ်ထောင်ထဲ ထည့်ပေးခဲ့ပါတယ် ဒီအချက်ကို ထောက်ထားပြီး အပြစ်ဒဏ်ကို လျှော့လျှော့ပေါ့ပေါ့ သတ်မှတ်ပေးဖို့ တောင်းပန်ပါတယ်"	self-enhance	တစ်ချိန်တည်းမှာ သူမသိအောင် ကျွန်တော့ရဲ့ ဘတ်စ်ကားလက်မှတ်ကို သူ့ အိတ်ထောင်ထဲ ထည့်ပေးခဲ့ပါတယ်
မေ့မှာစိုးတယ်	စာရေးဆရာနှစ်ယောက် ဆုံကြသည် တစ်ယောက်၏ မျက်နှာမှာ ညှိုးငယ်သောအသွင်ကို ဆောင်နေသဖြင့် ကျန်တစ်ယောက်က မေးသည် "ဒီနေ့ ခင်ဗျားကို ကြည့်ရတာ တစ်စုံတစ်ခုနဲ့ ပတ်သက်ပြီး သောကရောက်နေတဲ့ပုံပါလား" "ဟုတ်တယ်ဗျာ ခင်ဗျားပဲ စဉ်းစားကြည့် မနေ့က လူတစ်ယောက်ကို တွေ့ တယ် ရှိတ်စပီးယားဆိုတဲ့ နာမည်ကို တစ်ခါမှ မကြားဖူးဘူးတဲ့ အံ့ရော" "အဲဒါများ အရေးလုပ်လို့ဗျာ "မဟုတ်ဘူးလေ ရှိတ်စပီးယားကိုထားတော့ တကယ်လို့ နောက်နှစ်တစ်ရာ ကြာတဲ့အခါမှာ ကျွန်တော့နာမည်ကိုပါ မေ့သွားကြရင် မခက်ပေဘူးလား"	self-deprecate	အဲဒါများ အရေးလုပ်လို့ဗျာ မဟုတ်ဘူးလေ၊ ရှိတ်စပီးယားကိုထားတော့၊ တကယ်လို့ နောက်နှစ်တစ်ရာ ကြာတဲ့အခါမှာ ကျွန်တော့နာမည်ကိုပါ မေ့သွားကြရင် မခက်ပေဘူးလား"
ပြေးတာချင်းမတူ	သမင်ကို အမဲလိုက်ခွေးက လိုက်သည် ပြေးနေရင်း သမင်က လည်ပြန်လှည့်ပြီး ခွေးကို အော်ပြောသည်"မင်း ငါ့ကို ဘယ်လို လိုက်လိုက် မီမှာမဟုတ်ဘူး" "ဘာဖြစ်လို့ မမီရ မှာလဲ" "ငါက သေဘေးကြောင့် ပြေးတယ် မင်းက မင်းရဲ့ သခင် မုဆိုးအကြိုက် ပြေးနေတာ ဖြစ်လို့ပေါ့ဟ"	aggression	ငါက သေဘေးကြောင့် ပြေးတယ် မင်းက မင်းရဲ့ သခင် မုဆိုးအကြိုက် ပြေးနေတာ ဖြစ်လို့ပေါ့ဟ
မစော်ကားနဲ့	လူနာ ကျုပ် မေးတာကို ဖြေစမ်းပါ စိတ်ရောဂါကု ဆရာဝန်ရဲ့ သွားကို ခင်းဗျား ဘာဖြစ်လို့ ရိုက်ချိုးပစ်ရတာလဲ စာရင်းဇယားများအရ မိသားစုတိုင်းမှာ စိတ်မနှံ့သူတစ်ဦးတော့ ရှိမြဲပဲလို့ ကျွန်တော့ကို သူ ပြောလို့ပါ" "အဲဒါနဲ သူ့ကို ပိတ်ထိုးတာနဲ့ ဘာဆိုင်လို့လဲ " "ကျွန်တော့ မိသားစုမှာ ကျွန်တော်တစ်ယောက်တည်း ရှိတယ်လေ"	self-deprecate	ကျွန်တော့ မိသားစုမှာ ကျွန်တော်တစ်ယောက်တည်း ရှိတယ်လေ
သွားလှုပ်စရာဝန်	ဦးလေးဒေါက်တာခင်ဗျာ ဖေဖေက သူ့ သွားကို လှုပ်အောင်လုပ်ပေးတဲ့အတွက် ပိုက်ဆံ ပေးခိုင်းလိုက်ပါတယ် နှုတ်တာကတော့ သူ့ဟာသူ နှုတ်ပါမယ်တဲ့ခင်ဗျာ"	self-deprecate	နှုတ်တာကတော့ သူ့ဟာသူ နှုတ်ပါမယ်တဲ့ခင်ဗျာ
အလိုက်ကန်းဆိုး မသိတဲ့တပည့်	သူဌေးမင်းက သူ၏ယာဉ်မောင်းကို ပြောသည် "ရွှေရောင်ဆံပင်နဲ့ ကောင်မလေးဟာ ဘယ်လိုလုပ်ပြီး ငါ့ကားရဲ့ နောက်ခုံမှာ ရောက်နေတာလဲကွ" "ကျွန်တော် အစအဆုံး ရှင်းပြပါမယ် ခင်ဗျာ" "ရှင်းတာ နောက်မှ ရှင်း လောလောဆယ် ငါနဲ့ မိတ်ဆက်ပေးဦးလေကွာ"	affiliation	ရှင်းတာ နောက်မှ ရှင်း လောလောဆယ် ငါနဲ့ မိတ်ဆက်ပေးဦးလေကွာ
ဆေးရဲ့တန်ခိုး	အမေဖြစ်သူသည် ဆယ်နှစ်အရွယ် သားငယ်ကို စိတ်ရောဂါကု ဆရာဝန်ထံ လာပြသည် အမေက မျက်ရည်စမ်းစမ်းနှင့် ပြောသည် "ဒေါက်တာရယ် လုပ်ပါဦး ကျွန်မသားဟာ တစ်ချိန်လုံး ခြောက်လုံးပြူး မျက်နှာဖုံး စက်သေနတ်နဲ့ လူသတ်တာတွေ အကြောင်းပဲ စဉ်းစားနေတယ် ရက်စက်ကြမ်းကြုတ်တဲ့စိတ်ထား အလေးကဲသွားရင် ဒုက္ခပဲ အဲဒါ တတ်နိုင်သမျှ ကူညီပါဦးရှင်" ဆ ရာ ဝန် သည် ကလေးကို စမ်းသပ်စစ်ဆေးသည် ထို့နောက် သောက်ရမည့် ဆေးညွှန်းစာရွက်ကို ရေးပေးလိုက်သည် "နောက်တစ်လ တိတိ ကြာရင် ကျွန်တော့ဆီ လာခဲ့ကြပါဦး ကလေးရဲ့ တိုးတက်မှုအခြေအနေကို ကျွန်တော် ကြည့်မယ် အဲ ခင်ဗျားနဲ့ ပတ်သက်လို့က တော့ စိုးရိမ်စိတ် သိပ်မထားစေချင်ဘူး အခုပုံအရ ခင်ဗျားဟာ အတော် စိတ်လှုပ်ရှားနေတယ် ဒါကြောင့် ခင်ဗျားအတွက်ပါ စိတ်ငြိမ်ဆေး ရေးပေးလိုက် ပါမယ် အိပ်ရာမဝင်မီ တစ်လုံးသောက်ပါ" တစ်လကြာသောအခါ အမေနှင့်သား ဆရာဝန်ဆီ ရောက် လာကြသည် ဆရာဝန်က အမေကို မေးသည် "ခင်ဗျားသား အခြေအနေ ဘယ်နဲ့ လဲဗျ" "မသိဘူး သူ ဘာဖြစ်ဖြစ် ကျွန်မ ဂရုမစိုက်နိုင်ပါ ဘူးရှင်"	self-enhance	မသိဘူး သူ ဘာဖြစ်ဖြစ် ကျွန်မ ဂရုမစိုက်နိုင်ပါ ဘူးရှင်
ကံမကောင်းဘူး	ခင်ဗျား သတင်းကြားပြီးပလား ကျုပ်တို ရဲ့ နာမည်ကြီး စားရေးဆရာကြီး လမ်းသွားရင်း မတော်တဆ လဲကျပြီး ခြေထောက်ကျိုးသွားတယ်ဆိုပဲ သူ့ခမြာ ကံမကောင်းရှာဘူး "ဟုတ်တာပေါ့ ဒါနဲ့ အခု သူ ဘယ်လို စာရေးမလဲ မသိဘူးနော်"	self-enhance	ဟုတ်တာပေါ့ ဒါနဲ့ အခု သူ ဘယ်လို စာရေးမလဲ မသိဘူးနော်
ကျောက်ကပ်ရဲ့ အလေးချိန်	နှစ်ပေါင်းများစွာ ကွဲကွာနေကြသော သူငယ်ချင်းနှစ်ယောက် ပြန်တွေ့ ကြသည် "မင်းကို ကြည့်ရတာ ပိန်သွားသလိုပါပဲလား ဂျွန် နေမကောင်းများ ဖြစ်နေသလား" "အေးကွာ ငါ ခွဲစိတ်ကုသမှုကို ခံယူလိုက်ပြီးတဲ့ နောက် ကိုအလေးချိန် ငါးကီလိုလောက် လျော့သွားတယ်" "ဘာရောဂါကြောင့် မင်းကို ခွဲစိတ်တာလဲ" "ကျောက်ကပ် မကောင်းလို တစ်လုံးကို ခွဲထုတ် လိုက်ရတယ်" "အင်းကျောက်ကပ်တစ်လုံးဟာ ငါးကီလိုတောင် လေးလိမ့်မယ်လို့ ငါ တစ်ခါမှ မထင်မိခဲ့ဘူး"	self-enhance	အင်းကျောက်ကပ်တစ်လုံးဟာ ငါးကီလိုတောင် လေးလိမ့်မယ်လို့ ငါ တစ်ခါမှ မထင်မိခဲ့ဘူး
မသွားတော့ဘူး	တစ်ဘက်ရွာမှ မိတ်ဆွေများထံ အလည်သွားရန် လင်မယားနှစ်ယောက် ပြင်ဆင်နေကြသည် နွားလှည်းပေါ် ထိုင်နေသောမိန်းမက ယောက်ျားကို သတိပေးသည် "ရှင် သူများ အိမ်ရောက်ရင် အိန္ဒြေနဲ့ နေနော် စကားပြောရင် ယဉ်ယဉ်ကျေးကျေးပြော ဆဲတာတွေ လုံးဝမပါစေနဲ အရက်လည်း မသောက်နဲ့ သူများမိန်းမကိုလည်း ငန်းမနေနဲ့ " "တော်ပြီကွာ မသွားတော့ဘူး" "ဘာဖြစ်လို့လဲ" "မင်းပြောတဲ့အတိုင်း ငါ အိမ်မှာလည်း လုပ်လို့ရတာပဲဥစ္စာ"	self-enhance	မင်းပြောတဲ့အတိုင်း ငါ အိမ်မှာလည်း လုပ်လို့ရတာပဲဥစ္စာ
အရင်ကအကျင့် ပါနေလို့ပါ	တပ်သားသစ်များနှင့် မိတ်ဆက်ရန် ရောက်လာသော ဗိုလ်ကြီးက တပ်ကြပ်ကြီးကို မေးသည် "တပ်ကြပ်ကြီးတပ်သားတွေကို တန်းစီခိုင်းထားတာ ထူးဆန်းလှချည်လား အရပ်ရှည်တဲ့လူတွေက ရှေ့မှာ အရပ်ပုသူတွေက နောက်မှာ ဘာဖြစ်လို့ရောက်နေတာလဲ" "ခွင့်လွှတ်ပါ ဗိုလ်ကြီး အရပ်သားဘဝတုန်းက ကျွန်တော် သစ်သီးဆိုင် ဖွင့်ခဲ့လို့ပါ"	self-deprecate	ခွင့်လွှတ်ပါ ဗိုလ်ကြီး အရပ်သားဘဝတုန်းက ကျွန်တော် သစ်သီးဆိုင် ဖွင့်ခဲ့လို့ပါ
မှန်သားပဲ	ကျမ်းဂန်တတ်ပုဂ္ဂိုလ်ဟု နာမည်ကြီးသော တောရကျောင်း ဦးဇင်းထံ ဒကာမတစ်ယောက် ရောက်လာကာ မိမိ၏ပြဿနာကို တင်ပြသည် "တပည့်တော်မကို ယောက်ျားက မပေါင်းနိုင်တော့ဘူးလို ပြောပါတယ်" "ဘာဖြစ်လို့လဲ" "ဒီလောက်ရုပ်ဆိုးပြီး ဒီလောက်စိတ်ပုပ်တဲ့မိန်းမနဲ့ဆက်နေရင် သူ အသက်တိုလိမ့်မယ်လို့ ဆိုပါတယ်" ဦးဇင်းသည် စာအုပ်အထူကြီးတစ်အုပ်ကို လှမ်းယူလိုက်သည် ထို့နောက် တစ်ရွက်ချင်း အချိန်ယူပြီး ကြည့်သည် အတန်ကြာမှ ခေါင်းမော့ပြီး ဒကာမကို စိုက်ကြည့်သည် နောက်ဆုံး စကားတစ်ခွန်းကို ပြောချလိုက်သည် "နင့်ယောက်ျား ပြောတာမှန်တယ်"	self-enhance	နင့်ယောက်ျား ပြောတာမှန်တယ်
ဆုံးပါပြီ	မျက်စိကိုက်သည်ဟုဆိုကာ လူတစ်ဦး မျက်စိကု ဆရာဝန်ထံ လာပြသည် ဆရာဝန်က ၎င်းကို စမ်းသပ် စစ်ဆေးပြီးနောက် ပြောသည် "ခင်ဗျား အရက်သောက်တာကို ဖြတ်ရင်ဖြတ် ဒါမှမဟုတ် မျက်လုံးကို စွန် ရင်စွန် တစ်ခုခုကို ရွေးရလိမ့်မယ်" လူနာက မျှော်လင့်ချက်ကင်းသံဖြင့် သက်ပြင်းချကာ ပြောသည် "အင်း မျက်လုံးနှစ်လုံးစလုံး ဆုံးပါပြီ"	self-deprecate	အင်း မျက်လုံးနှစ်လုံးစလုံး ဆုံးပါပြီ
ဆရာဝန်ပြောတာ နားထောင်	ကုန်တင်ကားအတိုက်ခံရသော လူနာကို ဆေးရုံသို့ ယူလာသည် ဆရာဝန်က ၎င်းကို စမ်းသပ်စစ်ဆေးပြီးနောက် "သေပြီ" ဟု ကြေညာသည် "သေပြီ" ဟူသောစကားကို ကြားလိုက်ရသဖြင့် လူနာသည် ခေါင်းထောင်ထပြီး အော်ပြောသည် "ကျုပ်မသေဘူး" ဤတွင် အနား၌ရှိသော ဇနီးသည်က ယောက်ျားကို ဖျောင်းဖျသည် "ရှင်ဘာလို့ထလာတာလဲ ငြိမ်ငြိမ်ကလေး နေစမ်းပါ ဆရာဝန်က ပိုသိတော့မပေါ့"	self-enhance	ရှင်ဘာလို့ထလာတာလဲ ငြိမ်ငြိမ်ကလေး နေစမ်းပါ ဆရာဝန်က ပိုသိတော့မပေါ့
ရှေ့ရေးကို ကြိုတွေးသူ	အရာရာကို တွက်ကိန်းချကာ စနစ်တကျ လုပ်ဆောင်တတ်သော စကော့တလန်သားတစ်ဦးသည် အသက်အာမခံ ထားလိုက်သည် မကြာမီမာပင် မြစ်ထဲတွင် ရေနစ်သေဆုံးသွားသည် အိမ်နီးချင်းမိန်းမက ပူပူနွေးနွေးမုဆိုးမကို ပြောသည် "ဘာပဲပြောပြော ရှင့်ယောက်ျားကို ကျွန်မ ချီးကျူးတယ် စာလည်း မရေးတတ် မဖတ်တတ်ဘဲနဲ့ အခုလို အမြော်အမြင်ကြီးတဲ့ယောက်ျား ရှားကို ရှားတယ်" "စာမတတ်တာတင် ဘယ်ဟုတ်မလဲ ကံကောင်း ချင်တော့ သူ ရေလည်း မကူးတတ်ဘူး"	self-enhance	စာမတတ်တာတင် ဘယ်ဟုတ်မလဲ ကံကောင်း ချင်တော့ သူ ရေလည်း မကူးတတ်ဘူး
ပြီးမှ လုပ်ချင်တာလုပ်	နက်တိုင်လည်စီး မတပ်ထားသောလူရွယ်တစ်ဦး စားသောက် ဆိုင်ထဲ ဝင်လာသည် အပေါက်စောင့်က တားသည် "ကျွန်တော်တို့ဆိုင်ထဲကို လည်စီးမပါဘဲ ဝင်ခွင့် မပြုပါဘူး ခင်ဗျာ" "ဟောဟိုမှာ လူတစ်ယောက် ရှပ်အင်္ကျီ တောင် မပါဘဲ ကခုန်နေတာကို ကျွန်တော် တွေ့ နေရတာပဲ" "မှန်ပါတယ် ဒါပေမယ့် သူအခုမှ ရောက်လာတာ မဟုတ်ပါဘူး ပြီးတော့ ကျသင့်ငွေ အားလုံးကို သူ ပေးချေပြီး ဖြစ်ပါတယ်"	self-enhance	မှန်ပါတယ် ဒါပေမယ့် သူအခုမှ ရောက်လာတာ မဟုတ်ပါဘူး ပြီးတော့ ကျသင့်ငွေ အားလုံးကို သူ ပေးချေပြီး ဖြစ်ပါတယ်
ဘေးမှာထိုင်ပေါ့	အလုပ်မှပြန်လာသော စကော့တလန်သားလေးယောက် အရက် တစ်ခွက်စီသောက်ရန် တိုင်ပင်ကြသည် အားလုံးက သဘောတူသဖြင့် အရက်ဘားထဲ ဝင်ရန် ပြင်သည် အပေါက်ရှေ့ ရောက်သောအခါ တစ်ယောက်က မသောက်တော့ဟုဆိုကာ ပြန်ရန် ခြေဦးလည့်သည် ကျန်မိတ်ဆွေများက ၎င်းကို ဝိုင်းပြောကြသည် "ဟေး ဂျွန် ဘာဖြစ်တာလဲ" "ငါ့မှာ ပိုက်ဆံတစ်ပြားမှ မပါဘူးကွာ" "ဒါများ ဆန်းလုပ်လို့ လာစမ်းပါ ဘယ်သူမှ မင်းကို အရက် အတင်းမသောက်ခိုင်းပါဘူးကွ"	affiliation	ဒါများ ဆန်းလုပ်လို့ လာစမ်းပါ ဘယ်သူမှ မင်းကို အရက် အတင်းမသောက်ခိုင်းပါဘူးကွ
ညှာလို့ပါ	မေရီ မင်းရဲ့ အိမ်ခန်းဟာ ညစ်ပတ်လှချည်လား "ကျွန်မယောက်ျားက ကျွန်မကိုညှာပြီး ဘာမှ မလုပ်ခိုင်းဘူး" "ဒါဖြင့်ရင် သူကိုယ်တိုင် ဘာလို့ မလုပ်သလဲ" "ကျွန်မက သူ့ကိုပြန်ညှာတယ်လေ"	self-deprecate	ကျွန်မက သူ့ကိုပြန်ညှာတယ်လေ
တွေ့ပြီ	ညဉ့်သန်းခေါင်ယံအချိန်မှာ ဘာဖြစ်လို့ အောင်ပြီ အောင်ပြီလို့ အသံဆိုးကြီးနဲ အော်နေရတာလဲ ဘာလဲ ခင်ဗျား ရူးသွပ်သွားပြီလား ဟု အရက်မူးနေသော အိမ်နီး ချင်းကို တစ်ဘက်အိမ်မှလူကြီးက စိတ်ဆိုးစွာ ပြောသည် "မရူးပါဘူး ကိုယ့်အိမ်ကိုယ် ရှာတွေ့ လို ဗျို့ "	affiliation	မရူးပါဘူး ကိုယ့်အိမ်ကိုယ် ရှာတွေ့ လို ဗျို့ 
လူပိုမလိုဘူး	ရဲစခန်းတွင် တယ်လီဖုန်းသံ မြည်လာသည် "ဟဲလို ရဲစခန်းကလား ကျွန်မ မစ္စစ်ဂျုံး စကား ပြောနေပါတယ် အခု ကျွန်မရဲ့ အိမ်ခန်းထဲမှာ လူစိမ်း ယောက်ျားနှစ်ယောက် ရောက်နေပါတယ် အဲဒါ တစ်ယောက်ကို မောင်းထုတ်ပေးဖို့အတွက် ရဲသားကို လွှတ်ပေးပါ"	self-enhance	အဲဒါ တစ်ယောက်ကို မောင်းထုတ်ပေးဖို့အတွက် ရဲသားကို လွှတ်ပေးပါ"
လိုင်စင်ရပြီ	ယာဉ်မောင်းလိုင်စင် လာလျှောက်သော အမျိုး သမီးငယ်ကို ယာဉ်ထိန်းရဲကမေးသည် "လမ်းအလယ်တည့်တည့်က ဆေးဖြူသုတ်ထားတဲ့ မျဉ်းကြောင်းဟာ ဘာလဲ" "ခဏ စဉ်းစားပါရစေနော် အဲ သိပြီ စက်ဘီးစီးတဲ့ သူတွေ အတွက်"	self-enhance	ခဏ စဉ်းစားပါရစေနော် အဲ သိပြီ စက်ဘီးစီးတဲ့ သူတွေ အတွက်
မရှိလို့သာပေါ့	နှစ်ဖက်ရှေ့နေများ အပြန်အလှန်လျှောက်ထားကြပြီးနောက် ဂျူရီလူကြီးက မိမိတို့၏ဆုံးဖြတ်ချက်ကို ဖတ်ကြားပြသည် "အစွပ်စွဲခံပုဂ္ဂိုလ်သည် ဤပြစ်မှုကို မကျူးလွန်နိုင် ချေ အကြောင်းမူ အခင်းဖြစ်ပွားချိန်တွင် မြို့ပေါ်တွင် သူမရှိ ၍ဖြစ်သည် အကယ်၍ ၎င်းအချိန်တွင် သူမြို့ပေါ်တွင် ရှိနေ ခဲ့ပါက ဆိုခဲ့သည့်ပြစ်မှုကို သူ အမှန်တကယ် ကျူးလွန်မိမည် ဖြစ်လေသည်"	self-deprecate	အစွပ်စွဲခံပုဂ္ဂိုလ်သည် ဤပြစ်မှုကို မကျူးလွန်နိုင် ချေ အကြောင်းမူ အခင်းဖြစ်ပွားချိန်တွင် မြို့ပေါ်တွင် သူမရှိ ၍ဖြစ်သည် အကယ်၍ ၎င်းအချိန်တွင် သူမြို့ပေါ်တွင် ရှိနေ ခဲ့ပါက ဆိုခဲ့သည့်ပြစ်မှုကို သူ အမှန်တကယ် ကျူးလွန်မိမည် ဖြစ်လေသည်
ခြားနားချက်	ဒေါက်တာ ခင်ဗျာ ဒေါက်တာရဲ့ အဆိုအရ ကျွန်တော် ခံစားနေရတဲ့ရောဂါမျိုး ဒေါက်တာလည်း ခံစားနေ ရတယ် ဒါပေမယ့် ဒေါက်တာ အစားလည်း မရှောင်ဘူး အရက်လည်း ပုံမှန်သောက်နေတုန်းပဲ ကျွန်တော့် ကျတော့ ဘာဖြစ်လဲလို့ အဲဒါတွေ မလုပ်ရဘူးလို့ ပိတ်ပင်တာလဲခင်ဗျာ "ခင်ဗျားနဲ့ ကျွန်တော်နဲ့ ကြားမှာ ကြီးမားတဲ့ခြားနား ချက်ရှိနေတယ်လေ" "ဘာပါလိမ့်ခင်ဗျာ" "ခင်ဗျားက ကုချင်တယ် ကျွန်တော်က ကုချင်တဲ့ အတွေး တစ်ခါမှ မပေါ်ဖူးဘူး"	self-enhance	ခင်ဗျားက ကုချင်တယ် ကျွန်တော်က ကုချင်တဲ့ အတွေး တစ်ခါမှ မပေါ်ဖူးဘူး
လိုချင်သလိုပြော	ပုံဆွဲဆရာက လာရောက် စစ်ဆေးသောပညာအုပ်ကို ပြောသည် "တွေ့ တယ် မဟုတ်လား နာတာရှာလေးဟာ ပုံဆွဲတော်တော် ကောင်းတယ်" "ဟုတ်တယ် သူလက်ရာမဆိုးဘူး ကိုင်း သမီးလေး ပန်းကန်ထဲက လက်ဖက်ရည်ပုံကို ဆွဲပြစမ်းပါဦးကွဲ့" "သကြားနဲ့လား သကြားမပါဘဲနဲ့လား ဘဘကြီး"	self-enhance	သကြားနဲ့လား သကြားမပါဘဲနဲ့လား ဘဘကြီး
မစိုးရိမ်ပါနဲ့	ပထမတန်းကျောင်းသား ပီတာသည် မိခင်ရှိရာ အလုပ် ဌာနသို့ ဖုန်းဆက်သည် "မေမေ ဒီနေ့ကျောင်း အ ဆင်း မှာ အတန်းထဲက မေရီကို ကျွန်တော်လိုက်ပို့ တယ်" အမေဖြစ်သူက စိုးရိမ်တကြီး ပြန်မေးသည် "ဟဲ့ သား အဝေးကြီးလား လမ်းတွေ ဖြတ်ကူးရသေးလား" "ဟင့်အင်း ကျွန်တော်က သူ့ ကို ကျွန်တော်တို့အိမ် အထိပဲ လိုက်ပို့တယ် ပြီးတော့ သူ့ ဟာသူ ဆက်သွားတယ်"	self-deprecate	ဟင့်အင်း ကျွန်တော်က သူ့ ကို ကျွန်တော်တို့အိမ် အထိပဲ လိုက်ပို့တယ် ပြီးတော့ သူ့ ဟာသူ ဆက်သွားတယ်
အိမ်ရှင် အိမ်ငှား	မိတ်ဆွေနှစ်ယောက် စကားပြောနေကြသည် "ဒါနဲ့ လွန်ခဲ့တဲ့နှစ်က ခင်ဗျားအိမ်မှာ ငှားနေခဲ့တဲ့ ရှေ့နေဟာ ဘာအလုပ် လုပ်သလဲဗျ" "ရှေ့နေအလုပ်ပဲ လုပ်တယ် ကျွန်တော့ရဲ့ နောက်ဆုံး အမှုတွေ ကို သူပဲ လိုက်ပေးတယ်လေ အခု သူ့ အိမ်မှာ ကျွန်တော် ငှားနေရတယ်"	self-deprecate	ရှေ့နေအလုပ်ပဲ လုပ်တယ် ကျွန်တော့ရဲ့ နောက်ဆုံး အမှုတွေ ကို သူပဲ လိုက်ပေးတယ်လေ အခု သူ့ အိမ်မှာ ကျွန်တော် ငှားနေရတယ်
မပစ်နဲ့နော်	တပ်သားမောင်မြက တပ်ကြပ်ကြီးကို စိတ်လှုပ်ရှားစွာ သတင်း ပို့သည် "ဟိုတောထဲမှာ ရန်သူတချို့ ကို ကျွန်တော် မြင်လိုက် တယ် ခင်ဗျ" "ဟုတ်လား မင်း သွားပြီး ဖမ်းခဲ့စမ်း" "ဟုတ်ကဲ့ ဒါပေမယ့် နောက်အချိန်အနည်းငယ် အတွင်းမှာ တောထဲက လူတစ်စု ပြေးထွက်လာတာကို တွေ့ ရင် ရှေ့ဆုံးကလူကို မပစ်နဲ့ နော်"	self-deprecate	ဟုတ်လား မင်း သွားပြီး ဖမ်းခဲ့စမ်း "ဟုတ်ကဲ့ ဒါပေမယ့် နောက်အချိန်အနည်းငယ် အတွင်းမှာ တောထဲက လူတစ်စု ပြေးထွက်လာတာကို တွေ့ ရင် ရှေ့ဆုံးကလူကို မပစ်နဲ့ နော်"
ပိုင်ဆိုင်လိုမှု	ဘာအတွက်များ ခင်ဗျားတို့ အခုချိန်ထိ ခြောက် နှစ်ကြာ တရားပြိုင်နေကြရတာလဲ "တကယ် အမျိုးကောင်းခွေးတစ်ကောင်ကို သူပိုင် သင့်တယ် ငါပိုင်သင့်တယ်နဲ့ အငြင်းပွားနေကြတာပဲ ရှေ့နေ စားရိတ် ရုံးစားရိတ်တွေ နှစ်ဘက်စလုံး ဒေါ်လာတစ်သောင်း ကျော်စီ ကုန်နေကြပြီ" "ခွေးကို ဘယ်သူရမယ် ထင်သလဲ" "ဘယ်သူမှ မရဘူး ဒီကောင် သေသွားတာ လေးနှစ်ရှိပြီ"	self-enhance	ဘယ်သူမှ မရဘူး ဒီကောင် သေသွားတာ လေးနှစ်ရှိပြီ
ဆောင်ကြဉ်းပေးပါဦး	ဘဏ်သူဌေးကြီး၏ အစေခံက တစ်ဘက်တိုက်မှ သူဌေးကြီးကို လာပြောသည် "မစ္စ တာ စ မစ် က လူကြီးမင်းကို နှုတ်ခွန်း ဆက်သလိုက်ပါကြောင်း နဲ့ လူကြီးမင်းတို့ညတိုင်း မအိပ်နိုင်အောင် အမြဲတမ်း ဟောင်နေလေ့ရှိတဲ့ သူ့ ခွေးကိုလည်း ပစ်သတ်လိုက်ပြီဖြစ်ကြောင်း သတင်းပို့ခိုင်းပါတယ်ခင်ဗျာ" "မစ္စတာစမစ်ကို ကျေးဇူးတင်ကြောင်း ပြောလိုက်ပါ အေး တစ်ဆက်တည်းမှာပဲ သူ့မိန်းမကို အဆိပ်ခပ်သတ်ပေးပါဦး ဒါမှ မဟုတ် အနည်းဆုံး သူ့ မိန်းမရဲ့ စန္ဒရားကို မီးရှို့ ပေးပါဦးလို့ ငါက တောင်းပန်ကြောင်း ပြောလိုက်စမ်းပါ"	self-enhance	မစ္စတာစမစ်ကို ကျေးဇူးတင်ကြောင်း ပြောလိုက်ပါ အေး တစ်ဆက်တည်းမှာပဲ သူ့မိန်းမကို အဆိပ်ခပ်သတ်ပေးပါဦး ဒါမှ မဟုတ် အနည်းဆုံး သူ့ မိန်းမရဲ့ စန္ဒရားကို မီးရှို့ ပေးပါဦးလို့ ငါက တောင်းပန်ကြောင်း ပြောလိုက်စမ်းပါ
အကောင်းဆုံးအကြံ	စီးပွားရေးအကြံ အကောင်းဆုံးပေးနိုင်သူကို ဆုငွေ ပေါင် ၅၀ချီးမြှင့်မည်ဟု ကုမ္ပဏီတစ်ခုက ကြေညာသည် ဆုငွေကို ပေါင် ၂၀သာလျှော့ပေါ့သတ်မှတ်ရန် အကြံပြုသူ စကော့တလန်သား တစ်ယောက် အနိုင်ရသွားသည်	self-enhance	ဆုငွေကို ပေါင် ၂၀သာလျှော့ပေါ့သတ်မှတ်ရန် အကြံပြုသူ စကော့တလန်သား တစ်ယောက် အနိုင်ရသွားသည်
ပြေးမှလွတ်မယ်	ဘာဖြစ်လို့ ခရီးသည်တွေအားလုံး ကားပေါ်က ဆင်းကြရတာလဲ ဘတ်စ်ကား နောက်ဆုံးမှတ်တိုင်ကို ရောက် လို့လား ဟု စိုးရိမ်သံနှင့် အဖွားကြီးက မေးရာ ကားထဲမှ နောက်ဆုံးထွက်သော လူငယ်က လှမ်းပြောသည် "မဟုတ်ဘူးအဖွား လက်မှတ်စစ် တက်လာလို့"	self-enhance	မဟုတ်ဘူးအဖွား လက်မှတ်စစ် တက်လာလို့
မသောက်ချင်ဘူး	ဆေးကို ဘာဖြစ်လို မေမေတိုက်တာ မသောက်ဘဲ ဘွားဘွားတိုက်မှ သောက်ချင်ရတာလဲ "ဘွားဘွားလက်က မငြိမ်လို့"	affiliation	ဘွားဘွားလက်က မငြိမ်လို့
အမိန် နာခံပြီးသား	တပ်ဖွဲ့ကို လာရောက်စစ်ဆေးသော ဗိုလ်ချုပ်က တပ်မှူးကို မေးသည် "ခင်ဗျားရဲ့တပ်မှာ ဘာဖြစ်လို့ မိန်းမရှိတဲ့တပ်သား တွေကို ဦးစားပေး ရွေးထားတာလဲ" "မိန်းမရှိတဲ့တပ်သားတွေက မကြိုက်ဦးတော့ အမိန့်ကို မလွန်ဆန်ရဲကြလို့ပါခင်ဗျ"	affiliation	မိန်းမရှိတဲ့တပ်သားတွေက မကြိုက်ဦးတော့ အမိန့်ကို မလွန်ဆန်ရဲကြလို့ပါခင်ဗျ
နောက်ကျသွားပြီ	ဖေဖေ့မွေးနေ့မှာ သား လက်ဆောင်တစ်ခု ပေးချင်တယ် "ဖေဖေ့ကို ဘာလက်ဆောင်မှ ပေးမနေနဲ့ အရေးကြီးတာက အတန်းထဲမှာ ဆရာမ ပြောတာကို သား ဂရုတစိုက် နားထောင်ဖို့ပဲ" "နောက်ကျသွားပြီ ကျွန်တော် နက်တိုင်လည်စီးဝယ်ပြီးပြီ"	self-enhance	နောက်ကျသွားပြီ ကျွန်တော် နက်တိုင်လည်စီးဝယ်ပြီးပြီ
မျှော်လင့်တာထက် စောသွားနိုင်တယ်	ဆင်းရဲသောပန်းချီဆရာ နောက်နှစ်အနည်းငယ်အကြာမှာ ခင်ဗျားအိမ်ကိုကြည့်ပြီး "ဒီအိမ်မှာ ပန်းချီဆရာကြီး ဂျွန်စမစ် နေ သွားတယ် အကောင်းဆုံး လက်ရာတွေကို ဖန်တီးသွားတယ်" လို နောင်လာနောက်သားတွေ ပြောကြမှာ သေချာတယ် အိမ်ပိုင်ရှင် အိမ်ငှားခအကြွေးတွေကို ဒီနေ့ ခင်ဗျားမပေးရင် မနက်ဖြန်မှာကို အဲဒီအတိုင်း လူတွေ ပြောကြဖို့ ရှိတယ်	self-enhance	အိမ်ပိုင်ရှင် အိမ်ငှားခအကြွေးတွေကို ဒီနေ့ ခင်ဗျားမပေးရင် မနက်ဖြန်မှာကို အဲဒီအတိုင်း လူတွေ ပြောကြဖို့ ရှိတယ်
ရှက်စရာမလို	မိတ်ဆွေက ပြဇာတ်မင်းသား ဟုတ်လား ကျွန်တော် ကတော့ ဘဏ်သူဌေးပါ ပြောရမှာတောင် ရှက်တယ်ဗျာ ပြဇာတ်ရုံမရောက်တာ ဆယ်နှစ်လောက်ရှိပြီ "ရှက်စရာ မလိုပါဘူးဗျာ ကျွန်တော်လည်း ဘဏ် မရောက်တာ ဆယ်နှစ်ကျော်နေပြီ"	affiliation	ရှက်စရာ မလိုပါဘူးဗျာ ကျွန်တော်လည်း ဘဏ် မရောက်တာ ဆယ်နှစ်ကျော်နေပြီ
ဈေးကြီးတယ်	စိတ်ရောဂါကုဆရာဝန်က မိမိ၏မိတ်ဆွေကို ပြောသည် "ကျွန်တော့်ရဲ့ လူနာတစ်ယောက်က သူ့ ဆီက နိုင်ယာ ဂရာ ရေတံခွန်ကြီးကို ဝယ်ဖို့ချည်း တစ်ချိန်လုံးပြောနေတယ်" "ဘာခက်လို့လဲ ဝယ်လိုက်ပေါ့ဗျ" "ဒါပေမယ့် သူ တောင်းတဲ့ဈေးက များလွန်းနေတယ်"	self-enhance	ဒါပေမယ့် သူ တောင်းတဲ့ဈေးက များလွန်းနေတယ်
တယောသူခိုး	အိမ်နီးချင်း၏ တယောကို ခိုးမှုဖြင့် လူကြီးတစ်ယောက်ကို ရုံးတင်စစ်ဆေးသည် တရားသူကြီးက ပြောသည် "အဓိပ္ပာယ်မရှိတဲ့ ခိုးမှုပဲ ခင်ဗျားဟာ တယောကို မရောင်းဘူး ကိုယ်တိုင်လည်း မထိုးဘူး ဘာလုပ်ဖို့လဲ" "အိမ်နီးချင်းလည်း မထိုးတတ်ပါဘူးခင်ဗျာ"	self-enhance	အိမ်နီးချင်းလည်း မထိုးတတ်ပါဘူးခင်ဗျာ
မဖြစ်နိုင်ဘူး	ကျွန်တော်တို ရုံးမှာ ပန်းချီကားကြီးတစ်ခုကို နံရံမှာ ချိတ်ဆွဲထားတယ် ပန်းချီဆရာက ပင့်ကူအိမ်ကို လက်စွမ်း ပြဆွဲထားတာ သဘာဝ ကျလွန်းလို့ ရုံးက သန့်ရှင်းရေး အလုပ်သမကြီး က တံမြက်စည်းနဲ့လှဲပစ်ဖို့ နေ့တိုင်း ကြိုးစားနေတယ် "မဖြစ်နိုင်တာပဲ" "ဘာလဲ ဒီလို ပန်းချီဆရာမျိုး မရှိဘူးလို့ ခင်ဗျား ပြောချင်သလား" "ဒီလိုပန်းချီဆရာမျိုး ရှိနိုင်ပါတယ် ဒါပေမယ့် ခင်ဗျား ပြောတဲ့ သန့် ရှင်းရေး အလုပ်သမမျိုး မရှိနိုင်ပါဘူးဗျာ"	self-enhance	ဒီလိုပန်းချီဆရာမျိုး ရှိနိုင်ပါတယ် ဒါပေမယ့် ခင်ဗျား ပြောတဲ့ သန့် ရှင်းရေး အလုပ်သမမျိုး မရှိနိုင်ပါဘူးဗျာ
အကျင့်ပါနေလို့	ထောင်ထဲတွင် ထောင်ကျနှစ်ယောက် စကား ပြောနေကြ သည် "မကြာခင်က ခင်ဗျားထောင်က ထွက်ပြေးခဲ့တယ် ဘယ် လိုလုပ်ပြီး ထွက်ပြေးသလဲဗျ" "မိတ်ဆွေတွေက ကျွန်တော့ကို အမျိုးသမီးဝတ်စုံ ယူလာ ပေးတယ် အဲဒါကိုဝတ်ပြီး ထောင်ထဲကနေ လွတ်လွတ်ကျွတ်ကျွတ် လမ်းလျှောက်ထွက်သွားလိုက်တာပဲ" "တယ်ဟုတ်ပါလား အခုကျတော့ ဘာဖြစ်လို့ ထောင်ထဲပြန် ရောက်နေတာလဲ" "အပေါ့သွားချင်လို့ အိမ်သာထဲ ဝင်တယ် ထုံးစံအတိုင်း ယောက်ျားအိမ်သာထဲ ဝင်ရာမှာ စောင့်ထိန်းရမယ့် စည်းကို ဖောက်ဖျက်မှုနဲ့ ပြန်ပြီး အဖမ်းခံလိုက်ရတယ်"	self-enhance	အပေါ့သွားချင်လို့ အိမ်သာထဲ ဝင်တယ် ထုံးစံအတိုင်း ယောက်ျားအိမ်သာထဲ ဝင်ရာမှာ စောင့်ထိန်းရမယ့် စည်းကို ဖောက်ဖျက်မှုနဲ့ ပြန်ပြီး အဖမ်းခံလိုက်ရတယ်
အိပ်မပျော်သောရောဂါ	ကြားလိုက်ရသောစကား "ကျွန်တော် အိပ်မပျော်တဲ့ရောဂါဟာ တစ်နေ့တခြား အခြေအနေ ပိုဆိုးလာတယ် အခုဆိုရင် ထရမယ့်အချိန် ရောက်တာတောင် ကျွန်တော်အိပ်လို့ မရသေးဘူး"	self-deprecate	အခုဆိုရင် ထရမယ့်အချိန် ရောက်တာတောင် ကျွန်တော်အိပ်လို့ မရသေးဘူး
စာတမ်း	ဟော်တယ်အခန်းရှေ့တွင် ချိတ်ထားသောစာတမ်း "ဘာမှ မလိုချင်ဘူး ဘယ်ကိုမှလည်း အလျင်မလို ဘူး ဘယ်သူ့ကိုမှလည်း အကြွေးပေးစရာ မရှိဘူး ကျေးဇူး ပြု၍ မနှိုးပါနှင့်"	self-enhance	ဘာမှ မလိုချင်ဘူး ဘယ်ကိုမှလည်း အလျင်မလို ဘူး ဘယ်သူ့ကိုမှလည်း အကြွေးပေးစရာ မရှိဘူး ကျေးဇူး ပြု၍ မနှိုးပါနှင့်
ခင်ဗျားပဲသွား	မုဆိုးသည် မိမိ၏ အမဲလိုက်ခွေးနှင့်အတူ တောထဲ လျှောက်လာသည် ရုတ်တရက် ချုံပုတ်ကြားမှ လှုပ်ရှား သံကြားလိုက်ရသည် မုဆိုးက ခွေးကိုပြောသည် "သွားကြည့်စမ်း" "ကိုယ့်ဟာကိုယ်သွား ကျွန်တော် ဒီကနေ ဟောင်ပေးမယ်"	self-enhance	ကိုယ့်ဟာကိုယ်သွား ကျွန်တော် ဒီကနေ ဟောင်ပေးမယ်